KECAMATAN TAHUNAN DALAM ANGKA 2011;Tidak ada;0 eksemplar
PETA TEMATIK PENDATAAN USAHA TANI 2009 KOMODITAS TEBU 2009;Tidak ada;0 eksemplar
KABUPATEN BOLAANG MONGONDOW SELATAN DALAM ANGKA 2014;Tidak ada;0 eksemplar
KEADAAN PEKERJA DI INDONESIA FEBRUARI 2008;Tidak ada;2 eksemplar1
STATISTIK DAERAH KOTA MANADO 2017;Tidak ada;0 eksemplar1
STATISTIK DAERAH KECAMATAN ERIS 2014;Tidak ada;0 eksemplar1
STATISTIK DAERAH KECAMATAN TOMOHON TIMUR 2016;Tidak ada;0 eksemplar1
KECAMATAN POSIGADAN DALAM ANGKA 2014;Tidak ada;0 eksemplar1
KECAMATAN PINOLOSIAN DALAM ANGKA 2014;Tidak ada;0 eksemplar1
KECAMATAN RATAHAN TIMUR DALAM ANGKA 2014;Tidak ada;0 eksemplar1
KECAMATAN SILIAN RAYA DALAM ANGKA 2014;Tidak ada;0 eksemplar1
KECAMATAN KOTAMOBAGU UTARA DALAM ANGKA 2015;Tidak ada;0 eksemplar1
KECAMATAN NUANGAN DALAM ANGKA 2015;Tidak ada;0 eksemplar1
KECAMATAN TUTUYAN DALAM ANGKA 2015;Tidak ada;0 eksemplar1
KECAMATAN MODAYAG DALAM ANGKA 2015;Tidak ada;0 eksemplar1
KECAMATAN TAHUNAN DALAM ANGKA 2014;Tidak ada;0 eksemplar1
STATISTIK DAERAH KECAMATAN TOMOHON BARAT 2016;Tidak ada;0 eksemplar1
PEDOMAN PRAKTIS PENGHITUNGAN PDRB KAB/KOTA BUKU 2 TATACARA PENGHITUNGAN MENURUT LAPANGAN USAHA;Tidak ada;0 eksemplar1
KECAMATAN BEO SELATAN DALAM ANGKA 2013;Tidak ada;0 eksemplar1
PARAMETER MUTASI TERNAK 2015;Tidak ada;0 eksemplar1
KONSTRUKSI DALAM ANGKA 2014;Tidak ada;0 eksemplar1
STATISTIK DAERAH PROVINSI NUSA TENGGARA BARAT 2014;Tidak ada;0 eksemplar1
STATISTIK DAERAH PROVINSI NUSA TENGGARA BARAT 2014;Tidak ada;0 eksemplar1
PROVINSI KALIMANTAN TIMUR DALAM ANGKA 2016;Tidak ada;0 eksemplar1
PRODUK DOMESTIK REGIONAL BRUTO (PDRB) PROVINSI KALIMANTAN TENGAH MENURUT LAPANGAN USAHA 2008-2012;Tidak ada;0 eksemplar1
DIREKTORI DESA TAHUN 2014 PROVINSI SULAWESI TENGGARA;Tidak ada;0 eksemplar1
KECAMATAN MODAYAG BARAT DALAM ANGKA 2008;Tidak ada;0 eksemplar1
KECAMATAN MANGANITU DALAM ANGKA 2010;Tidak ada;0 eksemplar1
STATISTIK DAERAH KECAMATAN BEO UTARA 2016;Tidak ada;0 eksemplar1
STATISTIK DAERAH KOTA MANADO 2016;Tidak ada;0 eksemplar1
STATISTIK DAERAH KOTA TOMOHON 2016;Tidak ada;0 eksemplar1
STATISTIK DAERAH KABUPATEN BOLAANG MONGONDOW 2016;Tidak ada;0 eksemplar1
STATISTIK DAERAH KABUPATEN MINAHASA TENGGARA 2016;Tidak ada;0 eksemplar1
STATISTIK DAERAH KECAMATAN MARONGE 2016;Tidak ada;0 eksemplar1
STATISTIK DAERAH KECAMATAN ESSANG SELATAN 2016;Tidak ada;0 eksemplar1
STATISTIK DAERAH KECAMATAN MANGANITU SELATAN 2016;Tidak ada;0 eksemplar1
STATISTIK DAERAH KABUPATEN MINAHASA SELATAN 2017;Tidak ada;0 eksemplar1
STATISTIK DAERAH KABUPATEN BOLAANG MONGONDOW SELATAN 2017;Tidak ada;0 eksemplar1
STATISTIK DAERAH KABUPATEN BOLAANG MONGONDOW 2017;Tidak ada;0 eksemplar1
STATISTIK DAERAH KECAMATAN KENDAHE 2016;Tidak ada;0 eksemplar1
STATISTIK DAERAH KECAMATAN BOLANGITANG TIMUR 2015;Tidak ada;0 eksemplar1
STATISTIK DAERAH KECAMATAN MELONGUANE TIMUR 2016;Tidak ada;0 eksemplar1
STATISTIK DAERAH KECAMATAN ESSANG 2016;Tidak ada;0 eksemplar1
STATISTIK DAERAH KECAMATAN NANUSA 2016;Tidak ada;0 eksemplar1
STATISTIK DAERAH KECAMATAN TOMOHON SELATAN 2016;Tidak ada;0 eksemplar1
STATISTIK DAERAH KECAMATAN TOMOHON UTARA 2016;Tidak ada;0 eksemplar1
STATISTIK DAERAH KECAMATAN TONDANO UTARA 2014;Tidak ada;0 eksemplar1
STATISTIK DAERAH KECAMATAN TATOARENG 2016;Tidak ada;0 eksemplar1
STATISTIK DAERAH KECAMATAN TAMAKO 2016;Tidak ada;0 eksemplar1
STATISTIK DAERAH KECAMATAN TABUKAN TENGAH 2016;Tidak ada;0 eksemplar1
STATISTIK DAERAH KECAMATAN RAINIS 2016;Tidak ada;0 eksemplar1
STATISTIK DAERAH KECAMATAN PINOLOSIAN TENGAH 2016;Tidak ada;0 eksemplar1
STATISTIK TELEKOMUNIKASI INDONESIA 2014;Tidak ada;0 eksemplar1
KECAMATAN PINOLOSIAN TIMUR DALAM ANGKA 2014;Tidak ada;0 eksemplar1
KECAMATAN KOTAMOBAGU BARAT DALAM ANGKA 2015;Tidak ada;0 eksemplar1
KECAMATAN KOTAMOBAGU SELATAN DALAM ANGKA 2015;Tidak ada;0 eksemplar1
KECAMATAN MODAYAG BARAT DALAM ANGKA 2015;Tidak ada;0 eksemplar1
KECAMATAN MODAYAG BARAT DALAM ANGKA 2008;Tidak ada;0 eksemplar1
DIREKTORI PERUSAHAAN AIR MINUM, LISTRIK DAN GAS 2013;Tidak ada;0 eksemplar1
STATISTIK DAERAH KABUPATEN BOLAANG MONGONDOW UTARA 2017;Tidak ada;0 eksemplar1
STATISTIK DAERAH KECAMATAN TAHUNA TIMUR 2016;Tidak ada;0 eksemplar1
STATISTIK DAERAH KECAMATAN TAHUNA TIMUR 2016;Tidak ada;0 eksemplar1
STATISTIK DAERAH KECAMATAN TOMOHON TENGAH 2016;Tidak ada;0 eksemplar1
STATISTIK DAERAH KECAMATAN MIANGAS 2016;Tidak ada;0 eksemplar1
KEADAAN ANGKATAN KERJA DI INDONESIA AGUSTUS 2008;Tidak ada;1 eksemplar1
KECAMATAN KOTAMOBAGU TIMUR DALAM ANGKA 2015;Tidak ada;0 eksemplar1
PENGELUARAN UNTUK KONSUMSI PENDUDUK INDONESIA (BUKU I) MARET 2016;Tidak ada;0 eksemplar1
STATISTIK DAERAH KECAMATAN DUMOGA TIMUR 2016;Tidak ada;0 eksemplar1
STATISTIK DAERAH KECAMATAN NUANGAN 2015;Tidak ada;0 eksemplar1
STATISTIK DAERAH KECAMATAN LIRUNG 2016;Tidak ada;0 eksemplar1
STATISTIK DAERAH KABUPATEN KEPULAUAN SANGIHE 2016;Tidak ada;0 eksemplar1
TABUKAN TENGAH DALAM ANGKA 2011;Tidak ada;0 eksemplar1
STATISTIK DAERAH KECAMATAN GEMEH 2016;Tidak ada;0 eksemplar1
KECAMATAN MALALAYANG DALAM ANGKA 2017;Tidak ada;0 eksemplar1
STATISTIK DAERAH KECAMATAN KALONGAN 2016;Tidak ada;0 eksemplar1
STATISTIK DAERAH KECAMATAN KABARUAN 2016;Tidak ada;0 eksemplar1
STATISTIK DAERAH KECAMATAN BOLANGITANG BARAT 2016;Tidak ada;0 eksemplar1
STATISTIK DAERAH KECAMATAN DAMAU 2016;Tidak ada;0 eksemplar1
STATISTIK DAERAH KECAMATAN SALIBABU 2016;Tidak ada;0 eksemplar1
PETA TEMATIK SENSUS PERTANIAN 2013;Tidak ada;0 eksemplar1
KECAMATAN PINOGALUMAN DALAM ANGKA 2018;Tidak ada;0 eksemplar1
STATISTIK DAERAH KECAMATAN BOLANGITANG TIMUR 2016;Tidak ada;0 eksemplar1
PENGELUARAN UNTUK KONSUMSI PENDUDUK INDONESIA (BUKU I) SEPTEMBER 2016;Tidak ada;0 eksemplar1
STATISTIK DAERAH KECAMATAN BEO SELATAN 2016;Tidak ada;0 eksemplar1
PRODUK DOMESTIK REGIONAL BRUTO MENURUT PENGELUARAN KABUPATEN BOLAANG MONGONDOW 2014-2018;Tidak ada;0 eksemplar1
PRODUK DOMESTIK REGIONAL BRUTO KABUPATEN BOLAANG MONGONDOW MENURUT LAPANGAN USAHA 2014-2018;Tidak ada;1 eksemplar1
PRODUK DOMESTIK REGIONAL BRUTO (PDRB) KABUPATEN BOLAANG MONGONDOW MENURUT LAPANGAN USAHA 2013-2017;Tidak ada;0 eksemplar1
PRODUK DOMESTIK REGIONAL BRUTO (PDRB) KABUPATEN BOLAANG MONGONDOW MENURUT LAPANGAN USAHA 2013-2017;Tidak ada;0 eksemplar1
PRODUK DOMESTIK REGIONAL BRUTO MENURUT LAPANGAN USAHA KABUPATEN BOLAANG MONGONDOW TAHUN 2010-2015;Tidak ada;0 eksemplar1
DIREKTORI PERUSAHAAN KONSTRUKSI PROVINSI SULAWESI UTARA 2018;Tidak ada;1 eksemplar1
PROVINSI SULAWESI UTARA DALAM ANGKA 2018;Tidak ada;1 eksemplar1
PROVINSI SULAWESI UTARA DALAM ANGKA 2016;Tidak ada;1 eksemplar1
STATISTIK DAERAH KABUPATEN BOLAANG MONGONDOW TIMUR 2016;Tidak ada;0 eksemplar1
"STATISTIK DAERAH KECAMATAN DUMOGA TENGAH 2016 ";Tidak ada;1 eksemplar1
STATISTIK DAERAH KABUPATEN KEPULAUAN TALAUD 2017;Tidak ada;0 eksemplar1
STATISTIK DAERAH KABUPATEN KEPULAUAN TALAUD 2017;Tidak ada;0 eksemplar1
STATISTIK DAERAH KOTA KOTAMOBAGU 2016;Tidak ada;0 eksemplar1
STATISTIK DAERAH KOTA KOTAMOBAGU 2017;Tidak ada;0 eksemplar1
STATISTIK DAERAH KOTA KOTAMOBAGU 2017;Tidak ada;0 eksemplar1
STATISTIK DAERAH KECAMATAN TOMOHON BARAT 2016;Tidak ada;0 eksemplar1
PRODUK DOMESTIK REGIONAL BRUTO KABUPATEN MINAHASA MENURUT LAPANGAN USAHA 2014-2018;Tidak ada;0 eksemplar1
STATISTIK DAERAH KAWANGKOAN UTARA 2016;Tidak ada;0 eksemplar1
PRODUK DOMESTIK REGIONAL BRUTO KABUPATEN MINAHASA MENURUT PENGELUARAN 2014-2018;Tidak ada;2 eksemplar1
PRODUK DOMESTIK REGIONAL BRUTO KABUPATEN MINAHASA MENURUT LAPANGAN USAHA 2012-2016;Tidak ada;1 eksemplar1
PRODUK DOMESTIK REGIONAL BRUTO PROVINSI SULAWESI UTARA MENURUT PENGELUARAN 2015-2019;Tidak ada;1 eksemplar1
PRODUK DOMESTIK REGIONAL BRUTO KABUPATEN MINAHASA MENURUT LAPANGAN USAHA  2013-2017;Tidak ada;0 eksemplar1
PRODUK DOMESTIK REGIONAL BRUTO (PDRB) KABUPATEN BOLAANG MONGONDOW MENURUT PENGELUARAN 2013-2017;Tidak ada;0 eksemplar1
PRODUK DOMESTIK REGIONAL BRUTO (PDRB) KABUPATEN BOLAANG MONGONDOW UTARA MENURUT PENGELUARAN 2013-2017;Tidak ada;0 eksemplar1
STATISTIK KESEJAHTERAAN RAKYAT KABUPATEN MINAHASA 2019;Tidak ada;0 eksemplar1
STATISTIK DAERAH TONDANO UTARA 2016;Tidak ada;0 eksemplar1
STATISTIK DAERAH KECAMATAN ESSANG 2016;Tidak ada;0 eksemplar1
STATISTIK DAERAH TOMPASO BARAT 2016;Tidak ada;0 eksemplar1
STATISTIK DAERAH KECAMATAN KOTAMOBAGU SELATAN 2016;Tidak ada;0 eksemplar1
STATISTIK DAERAH KECAMATAN KOTAMOBAGU SELATAN 2016;Tidak ada;0 eksemplar1
STATISTIK DAERAH PINELENG 2016;Tidak ada;0 eksemplar1
STATISTIK DAERAH TONDANO SELATAN 2016;Tidak ada;0 eksemplar1
STATISTIK DAERAH TONDANO SELATAN 2016;Tidak ada;0 eksemplar1
STATISTIK DAERAH KECAMATAN TOMOHON TENGAH 2016;Tidak ada;0 eksemplar1
STATISTIK DAERAH TOMBARIRI TIMUR 2016;Tidak ada;0 eksemplar1
STATISTIK DAERAH TOMBARIRI TIMUR 2016;Tidak ada;0 eksemplar1
STATISTIK DAERAH SONDER 2016;Tidak ada;0 eksemplar1
STATISTIK DAERAH LANGOWAN SELATAN 2016;Tidak ada;0 eksemplar1
STATISTIK DAERAH KECAMATAN TUTUYAN 2016;Tidak ada;0 eksemplar1
STATISTIK DAERAH KECAMATAN TABUKAN SELATAN TENGGARA 2016;Tidak ada;0 eksemplar1
STATISTIK DAERAH KECAMATAN TABUKAN SELATAN TENGAH 2016;Tidak ada;0 eksemplar1
STATISTIK DAERAH KECAMATAN RAINIS 2016;Tidak ada;0 eksemplar1
STATISTIK DAERAH KECAMATAN NUANGAN 2016;Tidak ada;0 eksemplar1
STATISTIK DAERAH KECAMATAN TOMOHON SELATAN 2016;Tidak ada;0 eksemplar1
STATISTIK DAERAH KABUPATEN BOLAANG MONGONDOW TIMUR 2017;Tidak ada;0 eksemplar1
STATISTIK DAERAH KECAMATAN TUTUYAN 2016;Tidak ada;0 eksemplar1
STATISTIK DAERAH KECAMATAN NUANGAN 2016;Tidak ada;0 eksemplar1
STATISTIK DAERAH KAKAS BARAT 2016;Tidak ada;0 eksemplar1
HARGA KONSUMEN BEBERAPA BARANG DAN JASA KELOMPOK PERUMAHAN 82 KOTA DI INDONESIA 2015;Tidak ada;1 eksemplar2
STATISTIK DAERAH KECAMATAN MALALAYANG 2016;Tidak ada;0 eksemplar2
HARGA KONSUMEN BEBERAPA BARANG DAN JASA KELOMPOK KESEHATAN, PENDIDIKAN, DAN TRANSPOR 82 KOTA DI INDONESIA 2015;Tidak ada;0 eksemplar2
STATISTIK DAERAH KECAMATAN DUMOGA UTARA 2016;Tidak ada;0 eksemplar2
STATISTIK KEUANGAN PEMERINTAH DAERAH KABUPATEN/KOTA 1998/1999 - 1999/2000;Tidak ada;0 eksemplar2
PETA INDEKS 2005 PROVINSI SULAWESI UTARA;Tidak ada;1 eksemplar1
PERKEMBANGAN MINGGUAN HARGA ECERAN BEBERAPA JENIS BAHAN POKOK DI IBUKOTA PROVINSI SELURUH INDONESIA 2016 (JANUARI-JUNI);Tidak ada;1 eksemplar2
PETA TEMATIK INFRASTRUKTUR PENDIDIKAN NEGERI DI INDONESIA 2011 (HASIL SENSUS INFRASTRUKTUR DESA) 2011;Tidak ada;0 eksemplar2
STATISTIK DAERAH PROVINSI KALIMANTAN SELATAN 2015;Tidak ada;0 eksemplar2
PETA TEMATIK INFRASTRUKTUR KESEHATAN DASAR DI INDONESIA 2011 (HASIL SENSUS INFRASTRUKTUR DESA) 2011;Tidak ada;0 eksemplar2
STATISTIK PERUMAHAN PROVINSI SULAWESI UTARA (HASIL PENDAFTARAN BANGUNAN SENSUS PENDUDUK 2000);Tidak ada;0 eksemplar2
INDEKS HARGA KONSUMEN (IHK) 82 KOTA DI INDONESIA (2012=100) 2015;Tidak ada;0 eksemplar2
STATISTIK KEUANGAN PEMERINTAHAN PROVINSI 2009-2012;Tidak ada;1 eksemplar3
STATISTIK LEMBAGA KEUANGAN 2012;Tidak ada;0 eksemplar3
STATISTIK KEUANGAN BADAN USAHA MILIK NEGARA (BUMN) DAN BADAN USAHA MILIK DAERAH (BUMD) 2012;Tidak ada;1 eksemplar3
STATISTIK KEUANGAN PEMERINTAH PROVINSI 2012-2015;Tidak ada;0 eksemplar3
STATISTIK KEUANGAN PEMERINTAHAN DESA 2008;Tidak ada;1 eksemplar4
DIAGRAM TIMBANG NILAI TUKAR PETANI (NTP) - SUBSEKTOR TANAMAN HORTIKULTURA 2012;Tidak ada;0 eksemplar4
STATISTIK KEUANGAN PEMERINTAHAN KABUPATEN/KOTA 2009-2010;Tidak ada;0 eksemplar4
STATISTIK KEUANGAN PEMERINTAHAN KABUPATEN/KOTA 2011-2012;Tidak ada;0 eksemplar4
POLA PENGELUARAN DAN KONSUMSI PENDUDUK INDONESIA 2014;Tidak ada;1 eksemplar1
STATISTIK LINGKUNGAN HIDUP INDONESIA 2011;Tidak ada;1 eksemplar1
POLA PENGELUARAN DAN KONSUMSI PENDUDUK INDONESIA 2014;Tidak ada;1 eksemplar1
EKSPOR INDONESIA MENURUT KODE ISIC 2009-2010;Tidak ada;0 eksemplar1
EKSPOR INDONESIA MENURUT KODE ISIC 2009-2010;Tidak ada;0 eksemplar1
STATISTIK KEUANGAN PEMERINTAH DAERAH KABUPATEN/KOTA 2000-2002;Tidak ada;0 eksemplar1
STATISTIK HARGA PRODUSEN GABAH DI INDONESIA 2011;Tidak ada;0 eksemplar1
STATISTIK UPAH BURUH TANI DI PERDESAAN 2010;Tidak ada;0 eksemplar1
STATISTIK PERTAMBANGAN BAHAN GALIAN INDONESIA 2010-2013;Tidak ada;0 eksemplar1
HARGA KONSUMEN BEBERAPA BARANG KELOMPOK MAKANAN DI 45 KOTA DI INDONESIA 2007;Tidak ada;0 eksemplar1
HARGA KONSUMEN NASIONAL BEBERAPA BARANG DAN JASA 2008;Tidak ada;0 eksemplar1
HARGA KONSUMEN BEBERAPA BARANG DAN JASA KELOMPOK PERUMAHAN DI 45 KOTA DI INDONESIA 2007;Tidak ada;0 eksemplar1
INDIKATOR KESEJAHTERAAN RAKYAT PROVINSI SULAWESI UTARA TAHUN 2002;Tidak ada;0 eksemplar1
STATISTIK DAERAH KECAMATAN KOTABUNAN 2016;Tidak ada;0 eksemplar1
STATISTIK DAERAH KECAMATAN LOLAYAN 2016;Tidak ada;0 eksemplar1
STATISTIK DAERAH KECAMATAN TOMOHON UTARA 2016;Tidak ada;0 eksemplar1
STATISTIK DAERAH REMBOKEN 2016;Tidak ada;0 eksemplar1
STATISTIK DAERAH KECAMATAN SANGTOMBOLANG 2016;Tidak ada;0 eksemplar1
STATISTIK DAERAH KECAMATAN SANGKUB 2016;Tidak ada;0 eksemplar1
STATISTIK DAERAH KECAMATAN SALIBABU 2016;Tidak ada;0 eksemplar1
STATISTIK DAERAH KECAMATAN PASSI TIMUR 2016;Tidak ada;0 eksemplar1
LAPORAN SOSIAL INDONESIA 2007: ANALISIS PERKEMBANGAN STATISTIK KETENAGAKERJAAN;Tidak ada;1 eksemplar2
STATISTIK PENDUDUK LANJUT USIA 2009;Tidak ada;0 eksemplar2
STATISTIK DAERAH KECAMATAN BEO UTARA 2016;Tidak ada;0 eksemplar2
PETA TEMATIK KEADAAN SOSIAL EKONOMI INDONESIA 1994;Tidak ada;0 eksemplar2
STATISTIK KEUANGAN PEMERINTAH DAERAH KABUPATEN/KOTA 1998/1999 - 1999/2000;Tidak ada;0 eksemplar2
STATISTIK PERTAMBANGAN NON MINYAK DAN GAS BUMI 2005-2009;Tidak ada;0 eksemplar2
DIAGRAM TIMBANG NILAI TUKAR PETANI (NTP) - SUBSEKTOR TANAMAN PANGAN 2012;Tidak ada;0 eksemplar2
STATISTIK DAERAH KECAMATAN TOMOHON TIMUR 2016;Tidak ada;0 eksemplar2
STATISTIK DAERAH KECAMATAN SANGTOMBOLANG 2016;Tidak ada;0 eksemplar2
HARGA KONSUMEN BEBERAPA BARANG DAN JASA, KELOMPOK KESEHATAN, PENDIDIKAN, DAN TRANSPOR DI 66 KOTA DI INDONESIA 2013;Tidak ada;0 eksemplar2
STATISTIK DAERAH KOTA MANADO 2015;Tidak ada;0 eksemplar2
PROVINSI KALIMANTAN SELATAN DALAM ANGKA 2018;Tidak ada;0 eksemplar2
STATISTIK PERTAMBANGAN NON MINYAK DAN GAS BUMI 2004-2008;Tidak ada;0 eksemplar2
DIAGRAM TIMBANG NILAI TUKAR PETANI (NTP) - SUBSEKTOR PETERNAKAN 2012;Tidak ada;0 eksemplar2
STATISTIK KELAPA SAWIT INDONESIA 2007;Tidak ada;2 eksemplar2
STATISTIK KEUANGAN PEMERINTAH DAERAH KABUPATEN/KOTA 2003-2004;Tidak ada;0 eksemplar2
DIAGRAM TIMBANG NILAI TUKAR PETANI (NTP) - SUBSEKTOR TANAMAN HORTIKULTURA 2012;Tidak ada;0 eksemplar2
DIAGRAM TIMBANG NILAI TUKAR PETANI (NTP) - SUBSEKTOR TANAMAN PERKEBUNAN RAKYAT 2012;Tidak ada;0 eksemplar2
STATISTIK KEUANGAN BADAN USAHA MILIK NEGARA (BUMN) DAN BADAN USAHA MILIK DAERAH (BUMD) 2010;Tidak ada;0 eksemplar2
STATISTIK KEUANGAN PEMERINTAHAN DESA 2008;Tidak ada;1 eksemplar4
ANALISIS STATISTIK EKONOMI (INDIKATOR PENDAHULU) 2010;Tidak ada;0 eksemplar4
STATISTIK DAERAH PROVINSI BALI 2014;Tidak ada;0 eksemplar4
STATISTIK DAERAH PROVINSI ACEH 2014;Tidak ada;0 eksemplar4
STATISTIK DAERAH PROVINSI SULAWESI TENGAH 2014;Tidak ada;0 eksemplar4
STATISTIK DAERAH PROVINSI SUMATERA BARAT 2011;Tidak ada;0 eksemplar4
PERUMAHAN PENDUDUK INDONESIA (HASIL SENSUS PENDUDUK 2010) 2010;Tidak ada;1 eksemplar1
STATISTIK DAERAH KECAMATAN TAGULANDANG UTARA 2011;Tidak ada;0 eksemplar1
STATISTIK DAERAH KECAMATAN TABUKAN SELATAN TENGGARA 2011;Tidak ada;0 eksemplar1
STATISTIK DAERAH KECAMATAN TATOARENG 2011;Tidak ada;0 eksemplar1
STATISTIK DAERAH KECAMATAN TABUKAN TENGAH 2011;Tidak ada;0 eksemplar1
STATISTIK PEMOTONGAN TERNAK 2012;Tidak ada;1 eksemplar1
STATISTIK PEMOTONGAN TERNAK 2012;Tidak ada;1 eksemplar1
PROFIL USAHA KONSTRUKSI PERORANGAN 2013;Tidak ada;1 eksemplar1
KONSTRUKSI DALAM ANGKA 2013;Tidak ada;1 eksemplar1
PENGEMBANGAN MODEL SOSIAL EKONOMI : PENGGUNAAN METODE GWR UNTUK ANALISIS DATA SOSIAL DAN EKONOMI;Tidak ada;1 eksemplar1
DIREKTORI PERUSAHAAN KEHUTANAN 2013;Tidak ada;0 eksemplar1
STATISTIK DAERAH KOTA BITUNG 2014;Tidak ada;0 eksemplar1
SURVEI DEMOGRAFI DAN KESEHATAN INDONESIA 1997 : PEDOMAN KANTOR STATISTIK PROPINSI;Tidak ada;0 eksemplar1
KECAMATAN WENANG DALAM ANGKA 2008;Tidak ada;0 eksemplar1
KECAMATAN SARIO DALAM ANGKA 2008;Tidak ada;0 eksemplar1
KECAMATAN MAPANGET DALAM ANGKA 2008;Tidak ada;0 eksemplar1
KECAMATAN BUNAKEN DALAM ANGKA 2009;Tidak ada;0 eksemplar1
STATISTIK NILAI TUKAR PETANI PROVINSI SULAWESI UTARA 2010;Tidak ada;0 eksemplar1
STATISTIK INDUSTRI BESAR SEDANG PROVINSI SULAWESI UTARA 2010;Tidak ada;0 eksemplar1
STATISTIK INDONESIA 2008;Tidak ada;1 eksemplar1
INDONESIA YOUNG ADULT REPRODUCTIVE HEALT SURVEY 2007;Tidak ada;0 eksemplar1
SENSUS PERTANIAN 2013 HASIL PENCACAHAN LENGKAP PROVINSI SULAWESI UTARA;Tidak ada;1 eksemplar1
SURVEI DEMOGRAFI DAN KESEHATAN INDONESIA 1994 : PEDOMAN PEWAWANCARA;Tidak ada;0 eksemplar1
STATISTIK NILAI TUKAR PETANI PROVINSI SULAWESI UTARA 2010;Tidak ada;0 eksemplar1
STATISTIK KESEJAHTERAAN RAKYAT PROVINSI SULAWESI UTARA 2013;Tidak ada;2 eksemplar1
STATISTIK INDONESIA 2014;Tidak ada;1 eksemplar1
BUNAKEN DALAM ANGKA 2012;Tidak ada;0 eksemplar1
PEDOMAN PENCACAHAN DAN PEMERIKSAAN SURVEI KEBUTUHAN DATA 2013;Tidak ada;0 eksemplar1
SURVEI DEMOGRAFI DAN KESEHATAN INDONESIA 1997;Tidak ada;0 eksemplar1
TUMINTING DALAM ANGKA 2012;Tidak ada;0 eksemplar1
MALALAYANG DALAM ANGKA 2012;Tidak ada;0 eksemplar1
LAPORAN STUDI PENYUSUNAN PDRB KOTA MANADO MENURUT PENGELUARAN 2011-2013;Tidak ada;0 eksemplar1
STATISTIK DAERAH KECAMATAN KAWANGKOAN UTARA 2012;Tidak ada;0 eksemplar1
HARGA KONSUMEN BEBERAPA BARANG DAN JASA KELOMPOK KESEHATAN, PENDIDIKAN, DAN TRANSPORTASI DI 66 KOTA DI INDONESIA 2008;Tidak ada;0 eksemplar1
KEGIATAN PERCEPATAN PENYEDIAAN DATA STATISTIK DALAM RANGKA KEBIJAKAN DANA PERIMBANGAN 2011;Tidak ada;1 eksemplar1
PRODUK DOMESTIK REGIONAL BRUTO KABUPATEN MINAHASA TENGGARA MENURUT PENGGUNAAN 2013;Tidak ada;0 eksemplar1
STATISTIK MODAL SOSIAL 2012;Tidak ada;0 eksemplar1
KECAMATAN TIKALA DALAM ANGKA 2012;Tidak ada;0 eksemplar1
STATISTIK INDONESIA 2014;Tidak ada;1 eksemplar1
DIREKTORI PERUSAHAAN KONSTRUKSI PROVINSI SULAWESI UTARA 2013;Tidak ada;3 eksemplar2
PERKEMBANGAN TINGKAT KEMISKINAN PROVINSI SULAWESI UTARA 2013;Tidak ada;0 eksemplar2
STATISTIK INDONESIA 2004;Tidak ada;0 eksemplar2
SURVEI DEMOGRAFI DAN KESEHATAN INDONESIA 1994 DAFTAR RUMAH TANGGA;Tidak ada;0 eksemplar2
PRODUK DOMESTIK REGIONAL BRUTO (PDRB) MENURUT LAPANGAN USAHA PROVINSI SULAWESI UTARA 2008-2012;Tidak ada;1 eksemplar1
STATISTIK INDONESIA 2012;Tidak ada;1 eksemplar
SENSUS PERTANIAN 1993 LANJUTAN ANALISIS PERUSAHAAN HPH DAN HTI;Tidak ada;0 eksemplar
NERACA ENERGI INDONESIA 2006-2010;Tidak ada;0 eksemplar
SUSENAS 2011: PEDOMAN PENGAWASAN KOR DAN MODUL KONSUMSI;Tidak ada;0 eksemplar
SUSENAS 2008: PEDOMAN KOR JULI;Tidak ada;0 eksemplar
DIREKTORI PERUSAHAAN INDUSTRI PENGOLAHAN SKALA KECIL HASIL SENSUS EKONOMI 2006 BUKU 1;Tidak ada;0 eksemplar
DIREKTORI PERUSAHAAN JASA PENDIDIKAN MENENGAH PULAU SULAWESI HASIL SENSUS EKONOMI 2006;Tidak ada;0 eksemplar
DIREKTORI PERUSAHAAN REALESTAT, HASIL SENSUS EKONOMI 2006;Tidak ada;0 eksemplar
DIREKTORI PERUSAHAAN KONSTRUKSI HASIL SENSUS EKONOMI 2006 BUKU 1;Tidak ada;0 eksemplar
DIREKTORI PERUSAHAAN INDUSTRI PENGOLAHAN SKALA MENENGAH DAN BESAR HASIL SENSUS EKONOMI 2006 BUKU 1;Tidak ada;0 eksemplar
DIREKTORI PERUSAHAAN INDUSTRI PENGOLAHAN SKALA KECIL HASIL SENSUS EKONOMI 2006 BUKU 1;Tidak ada;0 eksemplar
DIREKTORI INDUSTRI PENGOLAHAN INDONESIA 2005;Tidak ada;0 eksemplar
KEADAAN KETENAGAKERJAAN PROVINSI SULAWESI UTARA 2012;Tidak ada;0 eksemplar
KEADAAN KETENAGAKERJAAN PROVINSI SULAWESI UTARA 2010;Tidak ada;0 eksemplar
PEREMPUAN DAN LAKI-LAKI DI INDONESIA 2012;Tidak ada;0 eksemplar
KECAMATAN AIRMADIDI DALAM ANGKA 2012;Tidak ada;0 eksemplar
PETA WILAYAH SULAWESI UTARA 2012;Tidak ada;0 eksemplar
KATALOG PUBLIKASI DAN DATABASE SP2010;Tidak ada;0 eksemplar
STATISTIK STRUKTUR UPAH 2007-2008;Tidak ada;0 eksemplar
INDIKATOR KESEJAHTERAAN RAKYAT 2011;Tidak ada;0 eksemplar
PROFIL STATISTIK KESEJAHTERAAN RAKYAT 1993-2007;Tidak ada;1 eksemplar1
PROFIL STATISTIK KESEJAHTERAAN RAKYAT 1993-2007;Tidak ada;1 eksemplar1
STATISTIK PERTAMBANGAN BAHAN GALIAN INDONESIA 2006-2008;Tidak ada;0 eksemplar1
STATISTIK INDUSTRI BESAR DAN SEDANG BAGIAN I INDONESIA 1997;Tidak ada;0 eksemplar1
STATISTIK KESEJAHTERAAN RAKYAT 2004;Tidak ada;1 eksemplar1
DAFTAR NAMA, KODE, DAN PETA WILAYAH ADMINISTRASI INDONESIA 1993;Tidak ada;0 eksemplar1
DIREKTORI INDUSTRI PENGOLAHAN INDONESIA 1997;Tidak ada;0 eksemplar1
KARAKTERISTIK PENDUDUK KALIMANTAN SELATAN HASIL SP 2000;Tidak ada;0 eksemplar1
INDEKS KEMAHALAN KONSTRUKSI PROVINSI DAN KABUPATEN/KOTA 2015;Tidak ada;2 eksemplar1
STATISTIK INDUSTRI BESAR SEDANG PROVINSI SULAWESI UTARA 2010;Tidak ada;0 eksemplar1
INDIKATOR KONSTRUKSI TRIWULAN I 2009;Tidak ada;0 eksemplar1
PROFIL INDUSTRI MIKRO DAN KECIL 2010;Tidak ada;0 eksemplar1
INDIKATOR KONSTRUKSI TRIWULAN IV 2008;Tidak ada;0 eksemplar1
STATISTIK INDUSTRI BESAR DAN SEDANG PROVINSI SULAWESI UTARA 2011;Tidak ada;0 eksemplar1
PROFIL INDUSTRI MIKRO DAN KECIL 2010;Tidak ada;0 eksemplar1
INDIKATOR KONSTRUKSI TRIWULAN IV 2009;Tidak ada;0 eksemplar1
INDIKATOR KONSTRUKSI TRIWULAN I 2007;Tidak ada;0 eksemplar1
SURVEI USAHA TERINTEGRASI 1999- STATISTIK INDUSTRI KECIL DAN KERAJINAN RUMAH TANGGA INDONESIA TAHUN 1999;Tidak ada;0 eksemplar1
KECAMATAN KAUDITAN DALAM ANGKA 2012;Tidak ada;0 eksemplar1
DIREKTORI PERUSAHAAN JASA PARIWISATA, HASIL SENSUS EKONOMI 2006;Tidak ada;0 eksemplar1
DIREKTORI PERUSAHAAN LISTRIK, GAS, DAN AIR, HASIL SENSUS EKONOMI 2006;Tidak ada;0 eksemplar1
PERUSAHAAN DI INDONESIA HASIL SENSUS EKONOMI 2006;Tidak ada;0 eksemplar1
STATISTIK INDONESIA 2010;Tidak ada;1 eksemplar1
LAPORAN SOSIAL INDONESIA 2008 - PERKEMBANGAN KONDISI KEPENDUDUKAN DAN PROGARAM KELUARGA BERENCANA;Tidak ada;0 eksemplar1
PRODUK DOMESTIK REGIONAL BRUTO (PDRB) MENURUT LAPANGAN USAHA KABUPATEN BOLAANG MONGONDOW 2012;Tidak ada;0 eksemplar1
STATISTIK INDONESIA 1997;Tidak ada;0 eksemplar1
PENGELUARAN UNTUK KONSUMSI PROVINSI SULAWESI UTARA 2011;Tidak ada;0 eksemplar1
DIREKTORI INDUSTRI PENGOLAHAN INDONESIA 2006;Tidak ada;0 eksemplar1
KECAMATAN AIRMADIDI DALAM ANGKA 2012;Tidak ada;0 eksemplar1
STATISTIK STRUKTUR UPAH 2007-2008;Tidak ada;0 eksemplar1
STATISTIK INDUSTRI KERAJINAN RUMAHTANGGA 1996 (SE);Tidak ada;0 eksemplar1
DIREKTORI PERUSAHAAN PERTAMBANGAN BESAR 2015;Tidak ada;0 eksemplar1
SURVEI USAHA TERINTEGRASI 1999- STATISTIK INDUSTRI KECIL DAN KERAJINAN RUMAH TANGGA INDONESIA TAHUN 1999;Tidak ada;0 eksemplar1
PERUSAHAAN DI INDONESIA HASIL SENSUS EKONOMI 2006;Tidak ada;0 eksemplar1
DIREKTORI PERUSAHAAN AIR BERSIH, LISTRIK, DAN DISTRIBUSI GAS 2015;Tidak ada;0 eksemplar1
INDEKS HARGA KONSUMEN (IHK) 82 KOTA DI INDONESIA (2012=100) 2015;Tidak ada;0 eksemplar1
INDIKATOR EKONOMI DESEMBER 2015;Tidak ada;0 eksemplar1
HARGA KONSUMEN BEBERAPA BARANG KELOMPOK MAKANAN 82 KOTA DI INDONESIA 2015;Tidak ada;0 eksemplar1
KOTA BITUNG DALAM ANGKA 2001;Tidak ada;0 eksemplar1
PENGEMBANGAN MODEL SOSIAL EKONOMI : PANDUAN PENGOLAHAN DATA DENGAN METODE GWR;Tidak ada;0 eksemplar1
POTRET USAHA PERTANIAN KOTA BANDAR LAMPUNG MENURUT SUBSEKTOR (HASIL PENCACAHAN LENGKAP SENSUS PERTANIAN 2013 DAN SURVEI PENDAPATAN RUMAH TANGGA USAHA PERTANIAN 2013);Tidak ada;0 eksemplar1
INDIKATOR EKONOMI DESEMBER 2013;Tidak ada;0 eksemplar1
INDIKATOR EKONOMI AGUSTUS 2013;Tidak ada;0 eksemplar1
STATISTIK INDUSTRI KECIL 1996;Tidak ada;0 eksemplar1
INDIKATOR EKONOMI JULI 2013;Tidak ada;0 eksemplar1
INDIKATOR EKONOMI NOVEMBER 2013;Tidak ada;0 eksemplar1
INDIKATOR EKONOMI OKTOBER 2013;Tidak ada;0 eksemplar1
INDIKATOR EKONOMI JANUARI 2013;Tidak ada;0 eksemplar1
STATISTIK PERUSAHAAN PETERNAKAN, TERNAK BESAR DAN TERNAK KECIL 2012;Tidak ada;1 eksemplar1
STATISTIK LISTRIK PLN 2004-2008;Tidak ada;0 eksemplar1
INDIKATOR KETENAGAKERJAAN FEBRUARI 2004;Tidak ada;0 eksemplar1
INDIKATOR TINGKAT HIDUP PEKERJA 2002-2004;Tidak ada;0 eksemplar1
STATISTIK INDUSTRI BESAR DAN SEDANG INDONESIA 2005 BAGIAN III;Tidak ada;0 eksemplar1
STATISTIK LISTRIK 2006-2010;Tidak ada;0 eksemplar1
PEDOMAN PENYUSUNAN PUBLIKASI DAERAH DALAM ANGKA;Tidak ada;0 eksemplar1
SENSUS EKONOMI 1986 ANALISA STATISTIK PERTAMBANGAN MINYAK DAN GAS BUMI;Tidak ada;0 eksemplar1
LUAS LAHAN MENURUT PENGGUNAANNYA DAN BANYAKNYA ALAT-ALAT PERTANIAN DI SULAWESI TENGGARA 2014;Tidak ada;0 eksemplar1
STATISTIK INDUSTRI BESAR DAN SEDANG PROVINSI SULAWESI UTARA 2013;Tidak ada;0 eksemplar1
PENDATAAN SOSIAL EKONOMI PENDUDUK 2005;Tidak ada;0 eksemplar1
STATISTIK KELAPA SAWIT INDONESIA 2012;Tidak ada;0 eksemplar1
STATISTIK KELAPA SAWIT INDONESIA 2012;Tidak ada;0 eksemplar1
TINJAUANPEREKONOMIAN BALI 2012;Tidak ada;0 eksemplar1
INDEKS PEMBANGUNAN MANUSIA 2007-2008;Tidak ada;0 eksemplar1
INDEKS PEMBANGUNAN MANUSIA (IPM) 2010-2011;Tidak ada;0 eksemplar1
SURVEI DEMOGRAFI DAN KESEHATAN INDONESIA 2002-2003;Tidak ada;0 eksemplar1
INDIKATOR MAKRO EKONOMI DAN SOSIAL PROVINSI PAPUA BARAT TAHUN 2012;Tidak ada;0 eksemplar1
PROFIL STATISTIK KESEJAHTERAAN RAKYAT 1993-2007;Tidak ada;1 eksemplar1
INDIKATOR KESEJAHTERAAN MASYARAKAT PROVINSI ACEH 2014;Tidak ada;0 eksemplar1
STATISTIK TANAMAN HIAS INDONESIA 2013;Tidak ada;0 eksemplar1
STATISTIK TANAMAN BIOFARMAKA INDONESIA 2012;Tidak ada;0 eksemplar1
STATISTIK TANAMAN SAYURAN DAN BUAH-BUAHAN SEMUSIM INDONESIA 2013;Tidak ada;0 eksemplar1
INFRASTRUKTUR DI TINGKAT KABUPATEN/KOTA DAN KECAMATAN BERDASARKAN HASIL PENDATAAN PODES 2008;Tidak ada;1 eksemplar1
INDEKS TENDENSI KONSUMEN PROVINSI BALI TAHUN 2013;Tidak ada;0 eksemplar1
STATISTIK POTENSI DESA PROVINSI SULAWESI UTARA 2003;Tidak ada;0 eksemplar1
INDIKATOR PASAR TENAGA KERJA INDONESIA MEI 2014;Tidak ada;1 eksemplar1
STATISTIK KRIMINAL 2011;Tidak ada;0 eksemplar1
STATISTIK DAERAH PROVINSI PAPUA 2015;Tidak ada;0 eksemplar1
STATISTIK DAERAH KECAMATAN SONDER 2012;Tidak ada;0 eksemplar1
HASIL PENDAFTARAN PERUSAHAAN/USAHA, HASIL SENSUS EKONOMI 2006 INDONESIA;Tidak ada;1 eksemplar1
INDIKATOR EKONOMI JUNI 2013;Tidak ada;0 eksemplar1
INDIKATOR KETENAGAKERJAAN NOVEMBER 2004;Tidak ada;0 eksemplar1
STATISTIK INDUSTRI BESAR DAN SEDANG PROVINSI SULAWESI UTARA 2013;Tidak ada;0 eksemplar1
STATISTIK PERTAMBANGAN NONMINYAK DAN GAS BUMI 2006-2010;Tidak ada;0 eksemplar1
INDEKS PEMBANGUNAN MANUSIA 2005-2006;Tidak ada;1 eksemplar1
STATISTIK POTENSI DESA PROVINSI SULAWESI UTARA 2003;Tidak ada;0 eksemplar1
INDIKATOR PASAR TENAGA KERJA INDONESIA AGUSTUS 2011;Tidak ada;0 eksemplar1
INDIKATOR PERTANIAN PROVINSI NUSA TENGGARA BARAT 2014;Tidak ada;0 eksemplar1
STATISTIK SOLUS PER AQUA (SPA) 2014;Tidak ada;0 eksemplar1
PEKERJA ANAK DI INDONESIA 2009;Tidak ada;0 eksemplar1
PERUSAHAAN DI INDONESIA HASIL SENSUS EKONOMI 2006;Tidak ada;0 eksemplar1
STATISTIK INDUSTRI BESAR DAN SEDANG PROVINSI SULAWESI UTARA 2011;Tidak ada;0 eksemplar1
STATISTIK STRUKTUR UPAH 2010-2011;Tidak ada;0 eksemplar1
STATISTIK TANAMAN BUAH-BUAHAN DAN SAYURAN TAHUNAN INDONESIA 2013;Tidak ada;0 eksemplar1
STATISTIK POTENSI DESA PROVINSI SULAWESI UTARA 2003;Tidak ada;0 eksemplar1
NERACA ENERGI INDONESIA 2010-2014;Tidak ada;1 eksemplar1
STATISTIK KONSTRUKSI SULAWESI TENGGARA 2014;Tidak ada;0 eksemplar1
STATISTIK PERTAMBANGAN BAHAN GALIAN INDONESIA 2009-2011;Tidak ada;0 eksemplar1
STATISTIK PERTAMBANGAN BAHAN GALIAN INDONESIA 2009-2011;Tidak ada;0 eksemplar1
STATISTIK GAS 2007-2011;Tidak ada;0 eksemplar1
INDIKATOR KONSTRUKSI 2004;Tidak ada;1 eksemplar1
INDEKS HARGA KONSUMEN KOTA MANADO 2010;Tidak ada;1 eksemplar1
STATISTIK DAERAH KECAMATAN KAWANGKOAN BARAT 2014;Tidak ada;0 eksemplar1
STATISTIK KUNJUNGAN TAMU ASING PROVINSI SULAWESI UTARA 2010;Tidak ada;0 eksemplar1
STATISTIK KONSTRUKSI 2008;Tidak ada;0 eksemplar1
STATISTIK PERTAMBANGAN MINYAK DAN GAS BUMI 2005-2009;Tidak ada;0 eksemplar1
STATISTIK PERTAMBANGAN MINYAK DAN GAS BUMI 2005-2009;Tidak ada;0 eksemplar1
BULETIN STATISTIK PERDAGANGAN LUAR NEGERI EKSPOR (MENURUT KELOMPOK KOMODITI DAN NEGARA) SEPTEMBER 2016;Tidak ada;0 eksemplar1
STATISTIK PERUMAHAN PROVINSI SULAWESI UTARA (HASIL SENSUS PENDUDUK 2010);Tidak ada;0 eksemplar1
SENSUS EKONOMI 2006: PEDOMAN PENCACAH DAN PENGAWAS/PEMERIKSA SE06-UMB INDUSTRI BULANAN, SENSUS SAMPEL BUKU 7;Tidak ada;0 eksemplar1
INDIKATOR INDUSTRI BESAR DAN SEDANG PROVINSI SULAWESI TENGGARA 2014;Tidak ada;0 eksemplar1
STATISTIK KECAMATAN LIRUNG 2014;Tidak ada;0 eksemplar1
STATISTIK DAERAH KECAMATAN KAWANGKOAN UTARA 2014;Tidak ada;0 eksemplar1
STATISTIK KECAMATAN MIANGAS 2014;Tidak ada;0 eksemplar1
STATISTIK KECAMATAN MORONGE 2014;Tidak ada;0 eksemplar1
PRODUK DOMESTIK REGIONAL BRUTO (PDRB) MENURUT LAPANGAN USAHA KABUPATEN MINAHASA UTARA 2007-2012;Tidak ada;0 eksemplar1
BEO SELATAN DALAM ANGKA 2014;Tidak ada;0 eksemplar1
BULETIN STATISTIK PERDAGANGAN LUAR NEGERI EKSPOR (MENURUT KELOMPOK KOMODITI DAN NEGARA) AGUSTUS 2016;Tidak ada;0 eksemplar1
STATISTIK KECAMATAN SALIBABU 2014;Tidak ada;0 eksemplar1
PENDAPATAN REGIONAL PROVINSI DAN DAERAH TINGKAT II SULAWESI UTARA 1983-1987;Tidak ada;0 eksemplar1
STATISTIK STRUKTUR UPAH 2010-2011;Tidak ada;0 eksemplar1
STATISTIK POTENSI DESA PROVINSI SULAWESI UTARA 2003;Tidak ada;0 eksemplar1
STATISTIK GAS 2007-2011;Tidak ada;0 eksemplar1
INDEKS HARGA KONSUMEN KOTA MANADO 2012;Tidak ada;0 eksemplar1
STATISTIK KONSTRUKSI 2002;Tidak ada;1 eksemplar1
INDIKATOR INDUSTRI BESAR DAN SEDANG PROVINSI SULAWESI TENGGARA 2014;Tidak ada;0 eksemplar1
STATISTIK KECAMATAN KABARUAN 2014;Tidak ada;0 eksemplar1
BULETIN STATISTIK PERDAGANGAN LUAR NEGERI EKSPOR (MENURUT KELOMPOK KOMODITI DAN NEGARA) AGUSTUS 2016;Tidak ada;0 eksemplar1
BULETIN STATISTIK PERDAGANGAN LUAR NEGERI EKSPOR (MENURUT KELOMPOK KOMODITI DAN NEGARA) NOVEMBER 2016;Tidak ada;0 eksemplar1
STATISTIK STRUKTUR UPAH 2010-2011;Tidak ada;0 eksemplar1
STATISTIK POTENSI DESA PROVINSI SULAWESI UTARA 2003;Tidak ada;0 eksemplar1
STATISTIK LISTRIK 2007-2011;Tidak ada;1 eksemplar1
STATISTIK STRUKTUR UPAH 2010-2011;Tidak ada;0 eksemplar1
BULETIN STATISTIK PERDAGANGAN LUAR NEGERI EKSPOR (MENURUT KELOMPOK KOMODITI DAN NEGARA) AGUSTUS 2016;Tidak ada;0 eksemplar1
STATISTIK STRUKTUR UPAH 2010-2011;Tidak ada;0 eksemplar1
STATISTIK STRUKTUR UPAH 2011-2012;Tidak ada;1 eksemplar1
STATISTIK TEBU INDONESIA 2012;Tidak ada;1 eksemplar1
PERKEMBANGAN MINGGUAN HARGA ECERAN BEBERAPA JENIS BAHAN POKOK DI IBUKOTA PROVINSI SELURUH INDONESIA 2016 (JULI-DESEMBER);Tidak ada;1 eksemplar2
PRODUK DOMESTIK REGIONAL BRUTO KABUPATEN MINAHASA MENURUT PENGELUARAN 2015-2019;Tidak ada;0 eksemplar2
PRODUK DOMESTIK REGIONAL BRUTO KOTA MANADO MENURUT PENGELUARAN 2016 - 2020;Tidak ada;0 eksemplar2
PENGELUARAN KONSUMSI PENDUDUK PROVINSI SULAWESI UTARA 2019;Tidak ada;1 eksemplar1
PENGELUARAN UNTUK KONSUMSI PENDUDUK INDONESIA (BUKU I) MARET 2019;Tidak ada;1 eksemplar1
STATISTIK INDONESIA 2001;Tidak ada;1 eksemplar1
PRODUK DOMESTIK REGIONAL BRUTO KOTA KOTAMOBAGU MENURUT PENGELUARAN 2010-2014;Tidak ada;0 eksemplar1
PRODUK DOMESTIK REGIONAL BRUTO (PDRB) KABUPATEN MINAHASA SELATAN MENURUT LAPANGAN USAHA 2000-2011;Tidak ada;0 eksemplar1
PRODUK DOMESTIK REGIONAL BRUTO KOTA MANADO MENURUT LAPANGAN USAHA 2010-2014;Tidak ada;0 eksemplar1
STATISTIK DAERAH KECAMATAN DAMAU 2014;Tidak ada;1 eksemplar1
KEADAAN PEKERJA DI INDONESIA AGUSTUS 2016;1;1 eksemplar2
DIAGRAM TIMBANG INDEKS HARGA KONSUMEN (IHK) - BUKU 3 2012;Tidak ada;0 eksemplar
PRODUKSI PERIKANAN LAUT YANG DIJUAL DI TEMPAT PELELANGAN IKAN 2016;1;1 eksemplar
PRODUK DOMESTIK REGIONAL BRUTO KABUPATEN MINAHASA UTARA MENURUT PENGELUARAN 2015-2019;Tidak ada;0 eksemplar
PRODUK DOMESTIK REGIONAL BRUTO KOTA TOMOHON MENURUT PENGELUARAN 2015-2019;1;1 eksemplar
PRODUK DOMESTIK REGIONAL BRUTO KABUPATEN KEPULAUAN TALAUD MENURUT LAPANGAN USAHA 2015-2019;Tidak ada;1 eksemplar1
BULETIN STATISTIK PERDAGANGAN LUAR NEGERI EKSPOR (MENURUT KODE HARMONIZED SYSTEM, HS) FEBRUARI 2016;Tidak ada;0 eksemplar1
INDIKATOR MAKRO SOSIAL EKONOMI PROVINSI SULAWESI UTARA TRIWULAN IV 2020;Tidak ada;2 eksemplar1
PRODUK DOMESTIK REGIONAL BRUTO KOTA MANADO MENURUT LAPANGAN USAHA 2016 - 2020;Tidak ada;0 eksemplar1
STATISTIK UPAH 2013;1;0 eksemplar2
STATISTIK SOLUS PER AQUA (SPA) 2014;Tidak ada;0 eksemplar2
STATISTIK SOLUS PER AQUA (SPA) 2014;Tidak ada;0 eksemplar2
TINJAUAN EKONOMI REGIONAL PROVINSI SULAWESI UTARA 2020;Tidak ada;0 eksemplar2
STATISTIK PERDAGANGAN LUAR NEGERI PROVINSI SULAWESI UTARA TAHUN 2020;Tidak ada;1 eksemplar2
ANALISA KOMODITI EKSPOR 2005-2011;Tidak ada;0 eksemplar2
KABUPATEN BOLAANG MONGONDOW TIMUR DALAM ANGKA 2021;Tidak ada;0 eksemplar2
PETA TEMATIK PENDATAAN USAHA TANI 2009 KOMODITAS PADI 2009;Tidak ada;1 eksemplar1
INDEKS PEMBANGUNAN MANUSIA (IPM) 2012;Tidak ada;0 eksemplar1
DIREKTORI PERUSAHAAN KOPERASI, HASIL SENSUS EKONOMI 2006, BUKU 1;Tidak ada;0 eksemplar1
PERUSAHAAN DI INDONESIA HASIL SENSUS EKONOMI 2006;Tidak ada;0 eksemplar1
PERUSAHAAN DI INDONESIA HASIL SENSUS EKONOMI 2006;Tidak ada;0 eksemplar1
INDEKS HARGA PERDAGANGAN BESAR (IHPB) INDONESIA (2010=100) 2013;Tidak ada;0 eksemplar1
BULETIN STATISTIK PERDAGANGAN LUAR NEGERI EKSPOR (MENURUT KELOMPOK KOMODITI DAN NEGARA) DESEMBER 2016;Tidak ada;0 eksemplar1
BULETIN STATISTIK PERDAGANGAN LUAR NEGERI EKSPOR (MENURUT KELOMPOK KOMODITI DAN NEGARA) OKTOBER 2016;Tidak ada;0 eksemplar1
BULETIN STATISTIK PERDAGANGAN LUAR NEGERI EKSPOR (MENURUT KELOMPOK KOMODITI DAN NEGARA) OKTOBER 2016;Tidak ada;0 eksemplar1
BULETIN STATISTIK PERDAGANGAN LUAR NEGERI EKSPOR (MENURUT KELOMPOK KOMODITI DAN NEGARA) AGUSTUS 2016;Tidak ada;0 eksemplar1
HASIL SENSUS PENDUDUK 2010 DATA AGREGAT PER KABUPATEN/KOTA PROVINSI JAWA TIMUR;Tidak ada;0 eksemplar1
PRODUK DOMESTIK REGIONAL BRUTO KOTA MANADO MENURUT PENGELUARAN 2013-2017;Tidak ada;0 eksemplar1
TINJAUAN REGIONAL BERDASARKAN PDRB KABUPATEN/KOTA 2009-2012 - BUKU 3 PULAU KALIMANTAN;Tidak ada;0 eksemplar1
TINJAUAN REGIONAL BERDASARKAN PDRB KABUPATEN/KOTA 2009-2012 - BUKU 1 PULAU SUMATERA;Tidak ada;0 eksemplar1
TINJAUAN REGIONAL BERDASARKAN PDRB KABUPATEN/KOTA 2009-2012 - BUKU 4 PULAU SULAWESI;Tidak ada;1 eksemplar1
SENSUS PERTANIAN 2013 HASIL PENCACAHAN LENGKAP PROVINSI BANTEN;Tidak ada;0 eksemplar1
TINJAUAN REGIONAL BERDASARKAN PDRB KABUPATEN/KOTA 2010-2014 - BUKU 2 PULAU JAWA DAN BALI;Tidak ada;0 eksemplar1
SENSUS PERTANIAN 2013 HASIL PENCACAHAN LENGKAP PROVINSI SULAWESI TENGGARA;Tidak ada;0 eksemplar1
KISAH PERJALANAN HIDUP HILMAN BAWONO KSK DULUPI BOALEMO GORONTALO;Tidak ada;0 eksemplar1
TINJAUAN EKONOMI REGIONAL INDONESIA PROVINSI SULAWESI UTARA 2017;Tidak ada;0 eksemplar1
TINJAUAN EKONOMI REGIONAL SULAWESI UTARA 2014;Tidak ada;1 eksemplar1
TINJAUAN REGIONAL BERDASARKAN PDRB KABUPATEN/KOTA 2009-2012 - BUKU 5 PULAU NUSA TENGGARA, MALUKU DAN PAPUA;Tidak ada;0 eksemplar1
PRODUK DOMESTIK REGIONAL BRUTO KABUPATEN/KOTA DI INDONESIA 2012-2016;Tidak ada;0 eksemplar1
TINJAUAN REGIONAL BERDASARKAN PDRB KABUPATEN/KOTA 2010-2014 - BUKU 1 PULAU SUMATERA;Tidak ada;0 eksemplar1
HASIL SENSUS PENDUDUK 2010 DATA AGREGAT PER KABUPATEN/KOTA PROVINSI SULAWESI TENGGARA;Tidak ada;0 eksemplar1
TINJAUAN REGIONAL BERDASARKAN PDRB KABUPATEN/KOTA 2010-2013 - BUKU 2 PULAU JAWA-BALI;Tidak ada;0 eksemplar1
TINJAUAN REGIONAL BERDASARKAN PDRB KABUPATEN/KOTA 2010-2014 - BUKU 4 PULAU SULAWESI;Tidak ada;1 eksemplar3
HASIL PENCACAHAN SURVEI PENDAPATAN RUMAH TANGGA USAHA PERTANIAN (SPP2013) PROVINSI SULAWESI TENGGARA;Tidak ada;0 eksemplar3
TINJAUAN REGIONAL BERDASARKAN PDRB KABUPATEN/KOTA 2010-2014 - BUKU 3 PULAU KALIMANTAN;Tidak ada;0 eksemplar3
HASIL SENSUS PENDUDUK 2010 DATA AGREGAT PER KABUPATEN/KOTA PROVINSI BALI;Tidak ada;0 eksemplar3
PRODUK DOMESTIK REGIONAL BRUTO KOTA MANADO MENURUT LAPANGAN USAHA 2014-2018;Tidak ada;2 eksemplar1
TINJAUAN REGIONAL BERDASARKAN PDRB KABUPATEN/KOTA 2010-2013 - BUKU 3 PULAU KALIMANTAN;Tidak ada;0 eksemplar1
TINJAUAN REGIONAL BERDASARKAN PDRB KABUPATEN/KOTA 2010-2013 - BUKU 4 PULAU SULAWESI;Tidak ada;0 eksemplar1
TINJAUAN REGIONAL BERDASARKAN PDRB KABUPATEN/KOTA 2010-2013 - BUKU 5 PULAU NUSA TENGGARA MALUKU DAN PAPUA;Tidak ada;0 eksemplar1
STATISTIK INDONESIA 2010;Tidak ada;1 eksemplar1
DATA DAN INFORMASI KEMISKINAN KABUPATEN/KOTA TAHUN 2014;Tidak ada;2 eksemplar1
BULETIN STATISTIK PERDAGANGAN LUAR NEGERI EKSPOR (MENURUT KODE HARMONIZED SYSTEM, HS) JUNI 2015;Tidak ada;0 eksemplar1
STATISTIK KESEJAHTERAAN RAKYAT PROVINSI SULAWESI UTARA 2007;Tidak ada;0 eksemplar1
PRODUK DOMESTIK REGIONAL BRUTO KOTA KOTAMOBAGU MENURUT PENGELUARAN 2015;Tidak ada;1 eksemplar2
STATISTIK LINGKUNGAN HIDUP INDONESIA 2016;Tidak ada;1 eksemplar1
PERKEMBANGAN INDEKS PRODUKSI TRIWULANAN INDUSTRI MIKRO DAN KECIL 2017-2019;Tidak ada;2 eksemplar1
KABUPATEN KEPULAUAN SANGIHE DALAM ANGKA 2017;Tidak ada;2 eksemplar2
STATISTIK POTENSI DESA PROVINSI SULAWESI UTARA 2003;Tidak ada;0 eksemplar2
STATISTIK KELAPA SAWIT INDONESIA 2012;Tidak ada;0 eksemplar2
STATISTIK TEBU INDONESIA 2015;Tidak ada;0 eksemplar2
KABUPATEN MINAHASA TENGGARA DALAM ANGKA 2013;Tidak ada;0 eksemplar2
SENSUS EKONOMI 2016 ANALISIS HASIL LISTING POTENSI EKONOMI KABUPATEN KEPULAUAN TALAUD;2;2 eksemplar
STATISTIK KESEJAHTERAAN RAKYAT KABUPATEN MINAHASA SELATAN 2017;Tidak ada;0 eksemplar
STATISTIK KELAPA SAWIT INDONESIA 2011;Tidak ada;0 eksemplar
SENSUS PENDUDUK 2010: GLADI BERSIH PEDOMAN KOORDINATOR SENSUS KECAMATAN (KSK)/KOORDINATOR LAPANGAN (KORLAP) BUKU 4;Tidak ada;0 eksemplar
PRODUK DOMESTIK REGIONAL BRUTO MENURUT PRODUK DOMESTIK REGIONAL BRUTO (PDRB) MENURUT LAPANGAN USAHA PROVINSI SULAWESI UTARA 2008-2012;Tidak ada;1 eksemplar
LAPANGAN USAHA KABUPATEN BOLAANG MONGONDOW TIMUR 2012-2016;Tidak ada;1 eksemplar1
TINJAUAN REGIONAL BERDASARKAN PDRB KABUPATEN/KOTA 2012-2016 - BUKU 5 PULAU NUSA TENGGARA, MALUKU, DAN PAPUA;Tidak ada;0 eksemplar1
TINJAUAN REGIONAL BERDASARKAN PDRB KABUPATEN/KOTA 2010-2014 - BUKU 2 PULAU JAWA DAN BALI;Tidak ada;0 eksemplar1
STATISTIK KELAPA SAWIT INDONESIA 2014;Tidak ada;0 eksemplar1
BULETIN STATISTIK PERDAGANGAN LUAR NEGERI EKSPOR (MENURUT KELOMPOK KOMODITI DAN NEGARA) JUNI 2015;Tidak ada;1 eksemplar1
INDEKS UNIT VALUE EKSPOR MENURUT KODE SITC AGUSTUS 2017;Tidak ada;0 eksemplar1
INDEKS UNIT VALUE EKSPOR MENURUT KODE SITC SEPTEMBER 2017;Tidak ada;0 eksemplar1
STATISTIK TRANSPORTASI LAUT DAN UDARA PROVINSI SULAWESI UTARA 2015;Tidak ada;1 eksemplar2
KEADAAN ANGKATAN KERJA DI INDONESIA AGUSTUS 2016;Tidak ada;1 eksemplar4
PROFIL INDUSTRI MIKRO DAN KECIL 2018;Tidak ada;1 eksemplar1
PEDOMAN INSTRUKTUR NASIONAL (INNAS) DAN INSTRUKTUR DAERAH (INDA) SENSUS PENDUDUK 2010, BUKU 3;Tidak ada;0 eksemplar1
PEDOMAN KOORDINATOR TIM (KORTIM) SENSUS PENDUDUK 2010, BUKU 5;Tidak ada;0 eksemplar1
STATISTIK AIR BERSIH 2013-2018;Tidak ada;2 eksemplar1
HASIL PENCACAHAN SURVEI PENDAPATAN RUMAH TANGGA USAHA PERTANIAN (SPP2013) PROVINSI SULAWESI TENGGARA;Tidak ada;0 eksemplar1
STATISTIK INDUSTRI MANUFAKTUR INDONESIA 2017;Tidak ada;1 eksemplar1
PROYEKSI PENDUDUK INDONESIA 2000-2025;Tidak ada;3 eksemplar1
INFRASTRUKTUR DI TINGKAT KABUPATEN/KOTA DAN KECAMATAN BERDASARKAN HASIL PENDATAAN PODES 2008;Tidak ada;1 eksemplar1
INDEKS UNIT VALUE EKSPOR MENURUT KODE SITC DESEMBER 2016;Tidak ada;0 eksemplar1
INDIKATOR EKONOMI MARET 2015;Tidak ada;0 eksemplar1
INDIKATOR EKONOMI FEBRUARI 2015;Tidak ada;0 eksemplar1
DATA DAN INFORMASI KEMISKINAN KABUPATEN/KOTA 2010;Tidak ada;1 eksemplar1
PROYEKSI PENDUDUK INDONESIA 2010-2035;Tidak ada;1 eksemplar1
SURVEI ANGKATAN KERJA NASIONAL BOOKLET AGUSTUS 2019;Tidak ada;1 eksemplar1
STATISTIK KESEJAHTERAAN RAKYAT KOTA MANADO 2017;Tidak ada;3 eksemplar1
STATISTIK LISTRIK 2013-2018;Tidak ada;1 eksemplar1
PANDUAN OPERASIONAL PENGHIMPUNAN DAN PENGELOLAAN METADATA KEGIATAN STATISTIK SEKTORAL/KHUSUS;Tidak ada;1 eksemplar1
TINGKAT KEBAHAGIAAN PENDUDUK SULAWESI UTARA 2014;Tidak ada;4 eksemplar1
INDEKS TENDENSI KONSUMEN PROVINSI SULAWESI UTARA 2011/2012;Tidak ada;2 eksemplar2
BOOKLET SOSIAL KEPENDUDUKAN 2017;Tidak ada;0 eksemplar2
DIREKTORI PERUSAHAAN KONSTRUKSI 2019 BUKU I: PULAU SUMATERA, KALIMANTAN, SULAWESI, DAN PAPUA;Tidak ada;1 eksemplar1
DIREKTORI PERUSAHAAN KONSTRUKSI 2015 BUKU II: PULAU JAWA, BALI, NUSA TENGGARA, DAN KEPULAUAN MALUKU;Tidak ada;0 eksemplar1
KABUPATEN BOLAANG MONGONDOW DALAM ANGKA 2018;Tidak ada;1 eksemplar1
PEDOMAN PRAKTIS PENGHITUNGAN PDRB KAB/KOTA BUKU 2 TATACARA PENGHITUNGAN MENURUT LAPANGAN USAHA;Tidak ada;0 eksemplar1
POTENSI PERTANIAN PROVINSI SULAWESI UTARA 2013;Tidak ada;0 eksemplar1
PENDUDUK BANGKA BELITUNG HASIL SENSUS PENDUDUK TAHUN 2000 SERI L2.2.9;Tidak ada;0 eksemplar1
PENDUDUK SUMATERA BARAT HASIL SENSUS PENDUDUK TAHUN 2000 SERI L2.2.3;Tidak ada;0 eksemplar1
STATISTIK KESEJAHTERAAN RAKYAT KABUPATEN BOLAANG MONGONDOW UTARA TAHUN 2015;Tidak ada;1 eksemplar1
PRODUK DOMESTIK REGIONAL BRUTO MENURUT PENGELUARAN PROVINSI PAPUA BARAT 2010-2014;Tidak ada;0 eksemplar1
STATISTIK INDUSTRI MANUFAKTUR INDONESIA 2015;Tidak ada;0 eksemplar1
PEDOMAN PENCACAHAN DAN PEMERIKSAAN SURVEI KEBUTUHAN DATA 2016;Tidak ada;0 eksemplar
PRODUK DOMESTIK REGIONAL BRUTO (PDRB) KOTA MANADO MENURUT PENGELUARAN 2011-2015;Tidak ada;0 eksemplar
POTRET USAHA PERTANIAN PROVINSI LAMPUNG MENURUT SUBSEKTOR (HASIL PENCACAHAN LENGKAP SENSUS PERTANIAN 2013 DAN SURVEI PENDAPATAN RUMAH TANGGA USAHA PERTANIAN 2013);Tidak ada;0 eksemplar
DATA DAN INFORMASI KEMISKINAN TAHUN 2007 BUKU 2 : KABUPATEN/KOTA;Tidak ada;2 eksemplar1
GAMBARAN SINGKAT POTENSI EKONOMI INDONESIA (HASIL SENSUS EKONOMI 2006);Tidak ada;0 eksemplar1
STATISTIK DAERAH KECAMATAN MODAYAG BARAT 2016;Tidak ada;0 eksemplar1
NILAI TUKAR PETANI  PROVINSI SULAWESI UTARA TAHUN 2020;Tidak ada;1 eksemplar3
KOTA BITUNG DALAM ANGKA 2022;Tidak ada;2 eksemplar1
PRODUK DOMESTIK REGIONAL BRUTO KOTA KOTAMOBAGU MENURUT PENGELUARAN 2016 - 2020;Tidak ada;1 eksemplar1
PRODUK DOMESTIK REGIONAL BRUTO MENURUT LAPANGAN USAHA KOTA KOTAMOBAGU 2016-2020;Tidak ada;0 eksemplar1
PRODUK DOMESTIK REGIONAL BRUTO MENURUT LAPANGAN USAHA KABUPATEN BOLAANG MONGONDOW TIMUR 2016-2020;Tidak ada;0 eksemplar1
PRODUK DOMESTIK REGIONAL BRUTO KABUPATEN BOLAANG MONGONDOW TIMUR MENURUT PENGELUARAN 2016 - 2020;Tidak ada;0 eksemplar1
NILAI TUKAR PETANI  PROVINSI SULAWESI UTARA TAHUN 2020;Tidak ada;1 eksemplar3
STATISTIK WISATAWAN MANCANEGARA PROVINSI SULAWESI UTARA TAHUN 2020;Tidak ada;1 eksemplar3
STATISTIK WISATAWAN MANCANEGARA PROVINSI SULAWESI UTARA TAHUN 2020;Tidak ada;1 eksemplar3
INDEKS HARGA KONSUMEN KOTA MANADO 2021;Tidak ada;1 eksemplar2
PRODUK DOMESTIK REGIONAL BRUTO KABUPATEN/KOTA DI SULAWESI UTARA MENURUT LAPANGAN USAHA 2017-2021;Tidak ada;0 eksemplar2
INDIKATOR TUJUAN PEMBANGUNAN BERKELANJUTAN (TPB) SULAWESI UTARA 2021;Tidak ada;2 eksemplar2
INDIKATOR MAKRO SOSIAL EKONOMI PROVINSI SULAWESI UTARA TRIWULAN IV 2021;Tidak ada;1 eksemplar1
PRODUK DOMESTIK REGIONAL BRUTO KABUPATEN MINAHASA MENURUT PENGELUARAN 2015-2019;Tidak ada;0 eksemplar1
PENYEMPURNAAN METODOLOGI PENGHITUNGAN PENDUDUK MISKIN DAN PROFIL KEMISKINAN 1999;Tidak ada;2 eksemplar1
MASTER FILE DESA PROVINSI SULAWESI UTARA 2019;Tidak ada;1 eksemplar1
ANALISIS HASIL SURVEI KEBUTUHAN DATA BPS PROVINSI SULAWESI UTARA 2022;Tidak ada;0 eksemplar1
USAHA/PERUSAHAAN SKALA MENENGAH BESAR PREPRINTED 2015 BUKU I;Tidak ada;0 eksemplar1
CERDAS, PERUBAHAN POLA PIKIR MENYONGSONG REFORMASI BPS 2012 (BUKU II);Tidak ada;0 eksemplar1
PENGELUARAN UNTUK KONSUMSI PENDUDUK INDONESIA PER PROVINSI (BUKU III) MARET 2014;Tidak ada;1 eksemplar3
PENGELUARAN UNTUK KONSUMSI PENDUDUK INDONESIA PER PROVINSI (BUKU III) SEPTEMBER 2013;Tidak ada;0 eksemplar3
KOTA KOTAMOBAGU DALAM ANGKA 2021;Tidak ada;0 eksemplar1
STATISTIK KEUANGAN PEMERINTAHAN PROVINSI 2011-2014;Tidak ada;0 eksemplar1
STATISTIK KEUANGAN PEMERINTAHAN  PROVINSI 1999/2000-2002;Tidak ada;0 eksemplar1
STATISTIK KRIMINAL 2013;Tidak ada;1 eksemplar1
KABUPATEN MINAHASA UTARA DALAM ANGKA 2021;Tidak ada;0 eksemplar1
PENGELUARAN UNTUK KONSUMSI PENDUDUK INDONESIA (BUKU I) MARET 2014;Tidak ada;1 eksemplar1
PENGELUARAN UNTUK KONSUMSI PENDUDUK INDONESIA PER PROVINSI (BUKU III) MARET 2014;Tidak ada;1 eksemplar3
PERKEMBANGAN MINGGUAN HARGA ECERAN BEBERAPA JENIS BAHAN POKOK DI IBUKOTA PROVINSI SELURUH INDONESIA JANUARI-JUNI 2009;Tidak ada;0 eksemplar3
PENGHITUNGAN DAN ANALISIS KEMISKINAN MAKRO INDONESIA TAHUN 2014;Tidak ada;1 eksemplar1
PENGHITUNGAN DAN ANALISIS KEMISKINAN MAKRO INDONESIA TAHUN 2014;Tidak ada;1 eksemplar1
TINJAUAN REGIONAL BERDASARKAN PDRB KABUPATEN/KOTA 2008-2011 - BUKU 4 PULAU SULAWESI;Tidak ada;0 eksemplar1
STATISTIK POTENSI DESA PROVINSI SULAWESI UTARA 2011;Tidak ada;1 eksemplar1
PETA INDEKS PENDUDUK MISKIN 2000;Tidak ada;0 eksemplar1
TINJAUAN EKONOMI REGIONAL PROVINSI SULAWESI UTARA 2019;Tidak ada;1 eksemplar1
TABEL KESESUAIAN LAPANGAN USAHA KBLI 2015 - KBLI 2009;Tidak ada;0 eksemplar1
ANALISIS KEMISKINAN, KETENAGAKERJAAN DAN DISTRIBUSI PENDAPATAN;Tidak ada;0 eksemplar1
TINJAUAN REGIONAL BERDASARKAN PDRB KABUPATEN/KOTA 2009-2012 - BUKU 2 PULAU JAWA-BALI;Tidak ada;0 eksemplar1
STATISTIK KEUANGAN PEMERINTAH DAERAH PROPINSI 2002-2004;Tidak ada;0 eksemplar1
KOTA MANADO DALAM ANGKA 2019;Tidak ada;0 eksemplar1
TINJAUAN REGIONAL BERDASARKAN PDRB KABUPATEN/KOTA 2008-2011 - BUKU 1 PULAU SUMATERA;Tidak ada;0 eksemplar1
BULETIN STATISTIK PERDAGANGAN LUAR NEGERI EKSPOR (MENURUT KODE HARMONIZED SYSTEM, HS) JUNI 2015;Tidak ada;0 eksemplar1
KABUPATEN SIAU TAGULANDANG BIARO DALAM ANGKA 2012;Tidak ada;0 eksemplar1
KABUPATEN SIAU TAGULANDANG BIARO DALAM ANGKA 2013;Tidak ada;0 eksemplar1
TINJAUAN EKONOMI REGIONAL SULAWESI UTARA 2015;Tidak ada;0 eksemplar1
PANDUAN PENGOPERASIAN TABLE GENERATOR SYSTEM (UNTUK ADMIN DAN PENYEDIA DATA);Tidak ada;0 eksemplar1
TINJAUAN EKONOMI REGIONAL SULAWESI UTARA 2016;1;1 eksemplar
KABUPATEN SIAU TAGULANDANG BIARO DALAM ANGKA 2014;Tidak ada;0 eksemplar
KABUPATEN SIAU TAGULANDANG BIARO DALAM ANGKA 2015;Tidak ada;0 eksemplar
KABUPATEN SIAU TAGULANDANG BIARO DALAM ANGKA 2017;Tidak ada;0 eksemplar
TINJAUAN EKONOMI REGIONAL PROVINSI SULAWESI UTARA 2018/2019;Tidak ada;1 eksemplar1
SENSUS PENDUDUK 2010: GLADI BERSIH PEDOMAN KOORDINATOR TIM BUKU 5;Tidak ada;0 eksemplar1
STATISTIK KESEJAHTERAAN RAKYAT KABUPATEN BOLAANG MONGONDOW UTARA 2020;Tidak ada;0 eksemplar1
PEDOMAN KOORDINATOR SENSUS KECAMATAN (KSK) DAN KOORDINATOR LAPANGAN (KORLAP) SENSUS PENDUDUK 2010, BUKU 4;Tidak ada;0 eksemplar1
KABUPATEN SIAU TAGULANDANG BIARO DALAM ANGKA 2015;Tidak ada;0 eksemplar1
KABUPATEN SIAU TAGULANDANG BIARO DALAM ANGKA 2011;Tidak ada;0 eksemplar1
PEDOMAN KOORDINATOR SENSUS KECAMATAN (KSK) DAN KOORDINATOR LAPANGAN (KORLAP) SENSUS PENDUDUK 2010, BUKU 4;Tidak ada;0 eksemplar1
SENSUS PENDUDUK 2010: PEDOMAN INSTRUKTUR NASIONAL (INNAS) DAN INSTRUKTUR DAERAH (INDA), BUKU 3;Tidak ada;0 eksemplar1
PEDOMAN SISTEM PEMBUATAN KATALOG BPS;Tidak ada;0 eksemplar1
STATISTIK TRANSPORTASI 2012;Tidak ada;0 eksemplar1
SENSUS PENDUDUK 2010: PEDOMAN INSTRUKTUR NASIONAL (INNAS) DAN INSTRUKTUR DAERAH (INDA), BUKU 3;Tidak ada;0 eksemplar1
LAPORAN PEREKONOMIAN INDONESIA 2016;Tidak ada;0 eksemplar1
SENSUS PERTANIAN 2013 DALAM CERITA;Tidak ada;0 eksemplar1
LAPORAN PEREKONOMIAN INDONESIA 2019;Tidak ada;0 eksemplar1
LAPORAN PEREKONOMIAN INDONESIA 2013;Tidak ada;0 eksemplar1
LAPORAN PEREKONOMIAN INDONESIA 2017;Tidak ada;0 eksemplar1
DIREKTORI PERUSAHAAN PERKEBUNAN KARET 2012;Tidak ada;0 eksemplar1
PRODUK DOMESTIK REGIONAL BRUTO KABUPATEN KEPULAUAN TALAUD MENURUT PENGELUARAN 2016-2020;Tidak ada;1 eksemplar2
INDEKS TENDENSI KONSUMEN PROVINSI SULAWESI TENGGARA 2016;Tidak ada;0 eksemplar2
PRODUK DOMESTIK REGIONAL BRUTO KABUPATEN KEPULAUAN TALAUD MENURUT LAPANGAN USAHA 2015-2019;Tidak ada;1 eksemplar1
PRODUK DOMESTIK REGIONAL BRUTO (PDRB) KABUPATEN KEPULAUAN TALAUD MENURUT PENGELUARAN 2010-2015;Tidak ada;0 eksemplar1
PRODUK DOMESTIK REGIONAL BRUTO (PDRB) MENURUT LAPANGAN USAHA KABUPATEN KEPULAUAN TALAUD TAHUN 2011-2015;Tidak ada;0 eksemplar1
PRODUK DOMESTIK REGIONAL BRUTO KABUPATEN KEPULAUAN TALAUD MENURUT LAPANGAN USAHA 2013-2017;Tidak ada;0 eksemplar1
BULETIN STATISTIK PERDAGANGAN LUAR NEGERI EKSPOR (MENURUT KELOMPOK KOMODITI DAN NEGARA) AGUSTUS 2015;Tidak ada;0 eksemplar1
HARGA KONSUMEN BEBERAPA BARANG DAN JASA KELOMPOK SANDANG 82 KOTA DI INDONESIA 2016;Tidak ada;0 eksemplar1
PENDUDUK NUSA TENGGARA BARAT HASIL SENSUS PENDUDUK TAHUN 2000 SERI L 2.2.17;Tidak ada;0 eksemplar1
PENDUDUK GORONTALO HASIL SENSUS PENDUDUK TAHUN 2000 SERI L2.2.27;Tidak ada;0 eksemplar1
PENDUDUK JAWA TIMUR HASIL SENSUS PENDUDUK TAHUN 2000;Tidak ada;0 eksemplar1
PENDUDUK JAMBI HASIL SENSUS PENDUDUK TAHUN 2000;Tidak ada;0 eksemplar1
POTRET PERJALANAN SENSUS PERTANIAN 2013;Tidak ada;0 eksemplar1
PENDUDUK NUSA TENGGARA TIMUR HASIL SENSUS PENDUDUK TAHUN 2000;Tidak ada;0 eksemplar1
SENSUS PENDUDUK 2000 STATISTIK POTENSI DESA PROVINSI SUMATERA BARAT 2000;Tidak ada;0 eksemplar1
PENDUDUK LAMPUNG HASIL SENSUS PENDUDUK TAHUN 2000;Tidak ada;0 eksemplar1
PENDUDUK KALIMANTAN SELATAN HASIL SENSUS PENDUDUK TAHUN 2000;Tidak ada;0 eksemplar1
STATISTIK KEUANGAN PEMERINTAH DESA 2013;Tidak ada;0 eksemplar1
STATISTIK KEUANGAN PEMERINTAH DESA 2014;Tidak ada;0 eksemplar1
PENDUDUK SULAWESI TENGAH HASIL SENSUS PENDUDUK TAHUN 2000;Tidak ada;0 eksemplar1
PENDUDUK JAWA BARAT HASIL SENSUS PENDUDUK TAHUN 2000;Tidak ada;0 eksemplar1
PENDUDUK D.I YOGYAKARTA HASIL SENSUS PENDUDUK TAHUN 2000;Tidak ada;0 eksemplar1
PRODUK DOMESTIK REGIONAL BRUTO KABUPATEN KEPULAUAN TALAUD MENURUT PENGELUARAN 2015-2019;Tidak ada;1 eksemplar1
PENDUDUK BANTEN HASIL SENSUS PENDUDUK TAHUN 2000;Tidak ada;0 eksemplar1
PEDOMAN PRAKTIS PENGHITUNGAN PDRB KABUPATEN/KOTAMADYA (PENGERTIAN DASAR), BUKU 1;Tidak ada;1 eksemplar1
STATISTIK KEUANGAN PEMERINTAHAN DESA 2010;Tidak ada;0 eksemplar1
PENDUDUK BALI HASIL SENSUS PENDUDUK TAHUN 2000;Tidak ada;0 eksemplar1
PENDUDUK SUMATERA SELATAN HASIL SENSUS PENDUDUK TAHUN 2000;Tidak ada;0 eksemplar1
PROFIL KEPENDUDUKAN PROVINSI KEPULAUAN BANGKA BELITUNG 2000;Tidak ada;0 eksemplar1
PENDUDUK SUMATERA UTARA HASIL SENSUS PENDUDUK TAHUN 2000 SERI L2.2.2;Tidak ada;0 eksemplar1
PENDUDUK DKI JAKARTA HASIL SENSUS PENDUDUK TAHUN 2000 SERI L.2.2.10;Tidak ada;0 eksemplar1
PENDUDUK NANGGROE ACEH DARUSSALAM HASIL SENSUS PENDUDUK 2000 SERI L2.2.1;Tidak ada;0 eksemplar1
PRODUK DOMESTIK REGIONAL BRUTO KABUPATEN KEPULAUAN TALAUD MENURUT LAPANGAN USAHA 2014-2018;Tidak ada;0 eksemplar1
PENDUDUK RIAU HASIL SENSUS PENDUDUK TAHUN 2000;Tidak ada;0 eksemplar1
PENDUDUK MALUKU HASIL SENSUS PENDUDUK TAHUN 2000;Tidak ada;0 eksemplar1
PEDOMAN PRAKTIS PENGHITUNGAN PDRB KABUPATEN/KOTAMADYA, TATACARA PENGHITUNGAN MENURUT LAPANGAN USAHA, BUKU 2;Tidak ada;0 eksemplar1
KABUPATEN MINAHASA SELATAN DALAM ANGKA 2021;Tidak ada;0 eksemplar1
PENDUDUK PROVINSI KALIMANTAN TIMUR HASIL SENSUS PENDUDUK TAHUN 2000;Tidak ada;0 eksemplar1
PENDUDUK PAPUA HASIL SENSUS PENDUDUK TAHUN 2000;Tidak ada;0 eksemplar1
PENDUDUK KALIMANTAN TENGAH HASIL SENSUS PENDUDUK TAHUN 2000 SERI : L2.2.20;Tidak ada;0 eksemplar1
KABUPATEN SIAU TAGULANDANG BIARO DALAM ANGKA 2010;Tidak ada;0 eksemplar1
INDEKS UNIT VALUE EKSPOR MENURUT KODE SITC JUNI 2016;Tidak ada;0 eksemplar1
TINJAUAN REGIONAL BERDASARKAN PDRB KABUPATEN/KOTA 2008-2011 - BUKU 5 PULAU NUSA TENGGARA - MALUKU - PAPUA;Tidak ada;0 eksemplar1
TINJAUAN EKONOMI REGIONAL SULAWESI UTARA 2013;Tidak ada;0 eksemplar1
KABUPATEN MINAHASA TENGGARA DALAM ANGKA 2020;Tidak ada;0 eksemplar1
TINJAUAN REGIONAL BERDASARKAN PDRB KABUPATEN/KOTA 2012-2016 - BUKU 4 PULAU SULAWESI;1;1 eksemplar
PRODUK DOMESTIK REGIONAL BRUTO KABUPATEN KEPULAUAN TALAUD MENURUT PENGELUARAN 2013-2017;Tidak ada;0 eksemplar
TINGKAT PENGHUNIAN KAMAR HOTEL 2015;1;0 eksemplar
TINJAUAN EKONOMI REGIONAL PROVINSI SULAWESI UTARA 2020;Tidak ada;0 eksemplar
KABUPATEN MINAHASA SELATAN DALAM ANGKA 2020;Tidak ada;0 eksemplar
TINGKAT PENGHUNIAN KAMAR HOTEL 2016;Tidak ada;0 eksemplar
TINJAUAN EKONOMI REGIONAL SULAWESI UTARA 2011;Tidak ada;0 eksemplar
DIREKTORI USAHA/PERUSAHAAN INDUSTRI PENGGILINGAN PADI 2020 BUKU 21: PROVINSI SULAWESI TENGGARA DAN SULAWESI BARAT;Tidak ada;0 eksemplar
DIREKTORI USAHA/PERUSAHAAN INDUSTRI PENGGILINGAN PADI 2020 BUKU 4: PROVINSI RIAU, JAMBI, BENGKULU, KEP. BANGKA BELITUNG, KEP. RIAU;Tidak ada;0 eksemplar
DIREKTORI USAHA/PERUSAHAAN INDUSTRI PENGGILINGAN PADI 2020 BUKU 9: PROVINSI JAWA TENGAH VOLUME I;Tidak ada;0 eksemplar
DIREKTORI USAHA/PERUSAHAAN INDUSTRI PENGGILINGAN PADI 2020 BUKU 1: PROVINSI ACEH;Tidak ada;0 eksemplar
DIREKTORI USAHA/PERUSAHAAN INDUSTRI PENGGILINGAN PADI 2020 BUKU 5: PROVINSI SUMATERA SELATAN;Tidak ada;0 eksemplar
DIREKTORI USAHA/PERUSAHAAN INDUSTRI PENGGILINGAN PADI 2020 BUKU 12: PROVINSI BALI;Tidak ada;0 eksemplar
RINGKASAN EKSEKUTIF STATISTIK POTENSI DESA INDONESIA 2011;Tidak ada;1 eksemplar2
DIREKTORI USAHA/PERUSAHAAN INDUSTRI PENGGILINGAN PADI 2020 BUKU 22: PROVINSI MALUKU, MALUKU UTARA, PAPUA BARAT, PAPUA;Tidak ada;0 eksemplar2
DIREKTORI USAHA/PERUSAHAAN INDUSTRI PENGGILINGAN PADI 2020 BUKU 11: PROVINSI JAWA TIMUR VOLUME: II;Tidak ada;1 eksemplar1
DIREKTORI USAHA/PERUSAHAAN INDUSTRI PENGGILINGAN PADI 2020 BUKU 9: PROVINSI JAWA TENGAH VOLUME II;Tidak ada;0 eksemplar1
DIREKTORI USAHA/PERUSAHAAN INDUSTRI PENGGILINGAN PADI 2020 BUKU 11: PROVINSI JAWA TIMUR VOLUME I;Tidak ada;1 eksemplar1
DIREKTORI PERUSAHAAN PERKEBUNAN KELAPA SAWIT 2016;Tidak ada;0 eksemplar1
PENDUDUK PROVINSI SULAWESI UTARA HASIL SENSUS PENDUDUK 2010;1;0 eksemplar
TINJAUAN REGIONAL BERDASARKAN PDRB KABUPATEN/KOTA 2010-2014 - BUKU 3 PULAU KALIMANTAN;Tidak ada;0 eksemplar
TINJAUAN REGIONAL BERDASARKAN PDRB KABUPATEN/KOTA 2012-2016 - BUKU 3 PULAU KALIMANTAN;1;1 eksemplar
KINERJA PEMBANGUNAN SULAWESI UTARA SEMESTER I 2022 - MARIJO BAKOBONG;Tidak ada;0 eksemplar
STATISTIK TELEKOMUNIKASI INDONESIA 2013;Tidak ada;0 eksemplar
TINJAUAN REGIONAL BERDASARKAN PDRB KABUPATEN/KOTA 2012-2016 - BUKU 1 PULAU SUMATERA;Tidak ada;0 eksemplar
STATISTIK KOPERASI SIMPAN PINJAM 2016;Tidak ada;1 eksemplar3
DIREKTORI USAHA/PERUSAHAAN INDUSTRI PENGGILINGAN PADI 2020 BUKU 18: PROVINSI KALIMANTAN TIMUR DAN KALIMANTAN UTARA;Tidak ada;0 eksemplar3
PRODUK DOMESTIK REGIONAL BRUTO KOTA MANADO MENURUT LAPANGAN USAHA 2015-2019;Tidak ada;1 eksemplar1
DIREKTORI USAHA/PERUSAHAAN INDUSTRI PENGGILINGAN PADI 2020 BUKU 16: PROVINSI KALIMANTAN TENGAH;Tidak ada;0 eksemplar1
PEDOMAN PENCACAHAN DAN PEMERIKSAAN SURVEI KEBUTUHAN DATA 2013;Tidak ada;0 eksemplar1
PRODUK DOMESTIK REGIONAL BRUTO KOTA MANADO MENURUT LAPANGAN USAHA 2016 - 2020;Tidak ada;0 eksemplar1
DIREKTORI USAHA/PERUSAHAAN INDUSTRI PENGGILINGAN PADI 2020 BUKU 2: PROVINSI SUMATERA UTARA;Tidak ada;0 eksemplar1
DIREKTORI USAHA/PERUSAHAAN INDUSTRI PENGGILINGAN PADI 2020 BUKU 7: PROVINSI DKI JAKARTA DAN BANTEN;Tidak ada;0 eksemplar1
DIREKTORI PERUSAHAAN KONSTRUKSI BUKU II : PULAU JAWA,BALI, NUSA TENGGARA DAN KEPULAUAN MALUKU 2020;Tidak ada;0 eksemplar1
DIREKTORI PERUSAHAAN KONSTRUKSI, BUKU I : PULAU SUMATERA, KALIMANTAN,SULAWESI DAN PAPUA 2020;Tidak ada;0 eksemplar1
PRODUK DOMESTIK REGIONAL BRUTO KOTA MANADO MENURUT LAPANGAN USAHA 2010-2014;Tidak ada;0 eksemplar1
DIREKTORI USAHA/PERUSAHAAN INDUSTRI PENGGILINGAN PADI 2020 BUKU 17: PROVINSI KALIMANTAN SELATAN;Tidak ada;0 eksemplar1
PRODUK DOMESTIK REGIONAL BRUTO (PDRB) MENURUT LAPANGAN USAHA KOTA MANADO 2012-2016;1;1 eksemplar
DIREKTORI USAHA/PERUSAHAAN INDUSTRI PENGGILINGAN PADI 2020 BUKU 6: PROVINSI LAMPUNG;Tidak ada;0 eksemplar
DIREKTORI PERUSAHAAN KONSTRUKSI 2014 BUKU II: PULAU JAWA, BALI, NUSA TENGGARA, DAN KEPULAUAN MALUKU;1;1 eksemplar
DIREKTORI EKSPORTIR 2016;Tidak ada;0 eksemplar
PRODUK DOMESTIK REGIONAL BRUTO (PDRB) KOTA MANADO MENURUT PENGELUARAN 2011-2015;Tidak ada;0 eksemplar
DIREKTORI PERUSAHAAN KONSTRUKSI 2019 BUKU II: PULAU JAWA, BALI, NUSA TENGGARA, DAN KEPULAUAN MALUKU;Tidak ada;0 eksemplar
PETA TEMATIK LOKASI PEMUSATAN KEGIATAN SOSIAL EKONOMI DI INDONESIA 2011;Tidak ada;0 eksemplar
INDEKS UNIT VALUE EKSPOR MENURUT KODE SITC MARET 2016;Tidak ada;0 eksemplar
PEDOMAN PRAKTIS PENGHITUNGAN PDRB KABUPATEN/KOTAMADYA: TATA CARA PENGHITUNGAN MENURUT LAPANGAN USAHA BUKU 2;Tidak ada;0 eksemplar
TINJAUAN REGIONAL BERDASARKAN PDRB KABUPATEN/KOTA 2012-2016 - BUKU 2 PULAU JAWA DAN BALI;Tidak ada;0 eksemplar
TINJAUAN REGIONAL PDRB KABUPATEN/KOTA 2011-2015 BUKU 1 PULAU SUMATERA;Tidak ada;0 eksemplar
PRODUK DOMESTIK REGIONAL BRUTO (PDRB) KOTA MANADO MENURUT LAPANGAN USAHA 2011-2015;Tidak ada;0 eksemplar
DIREKTORI PERUSAHAAN/USAHA RESTORAN/RUMAH MAKAN 2015;Tidak ada;0 eksemplar
PRODUK DOMESTIK REGIONAL BRUTO KOTA MANADO MENURUT PENGELUARAN 2016 - 2020;Tidak ada;0 eksemplar
DIREKTORI USAHA/PERUSAHAAN INDUSTRI PENGGILINGAN PADI 2020 BUKU 3: PROVINSI SUMATERA BARAT;Tidak ada;0 eksemplar
DIREKTORI USAHA/PERUSAHAAN INDUSTRI PENGGILINGAN PADI 2020 BUKU 15: PROVINSI KALIMANTAN BARAT;Tidak ada;0 eksemplar
DIREKTORI USAHA/PERUSAHAAN INDUSTRI PENGGILINGAN PADI 2020 BUKU 13: PROVINSI NUSA TENGGARA BARAT;Tidak ada;0 eksemplar
DIREKTORI USAHA/PERUSAHAAN INDUSTRI PENGGILINGAN PADI 2020 BUKU 10: PROVINSI DI YOGYAKARTA;Tidak ada;0 eksemplar
DIREKTORI USAHA/PERUSAHAAN INDUSTRI PENGGILINGAN PADI 2020 BUKU 8: PROVINSI JAWA BARAT VOLUME II;Tidak ada;0 eksemplar
DIREKTORI USAHA/PERUSAHAAN INDUSTRI PENGGILINGAN PADI 2020 BUKU 8: PROVINSI JAWA BARAT VOLUME I;Tidak ada;0 eksemplar
DIREKTORI INDUSTRI MANUFAKTUR INDONESIA 2015;Tidak ada;0 eksemplar
INDIKATOR EKONOMI APRIL 2017;Tidak ada;0 eksemplar
TINJAUAN REGIONAL PDRB KABUPATEN/KOTA 2011-2015 BUKU 5 BUKU 5 PULAU NUSA TENGGARA-MALUKU-PAPUA;Tidak ada;0 eksemplar
LAPORAN PEREKONOMIAN INDONESIA 2010;Tidak ada;0 eksemplar
PRODUK DOMESTIK REGIONAL BRUTO KABUPATEN KEPULAUAN TALAUD MENURUT LAPANGAN USAHA 2016-2020;Tidak ada;0 eksemplar
KOTA MANADO DALAM ANGKA 2010;Tidak ada;0 eksemplar
PRODUK DOMESTIK BRUTO INDONESIA TRIWULANAN 2011-2015;Tidak ada;0 eksemplar
TINJAUAN REGIONAL BERDASARKAN PDRB KABUPATEN/KOTA 2010-2014 - BUKU 1 PULAU SUMATERA;Tidak ada;0 eksemplar
POTRET USAHA PERTANIAN KOTA MANADO MENURUT SUBSEKTOR (HASIL PENCACAHAN LENGKAP SENSUS PERTANIAN 2013 DAN SURVEI PENDAPATAN RUMAH TANGGA USAHA PERTANIAN 2013);Tidak ada;0 eksemplar
INDIKATOR EKONOMI JANUARI 2016;Tidak ada;0 eksemplar
PRODUK DOMESTIK REGIONAL BRUTO KABUPATEN/KOTA DI INDONESIA 2010-2014;Tidak ada;1 eksemplar1
PRODUK DOMESTIK REGIONAL BRUTO PROVINSI-PROVINSI DI INDONESIA MENURUT LAPANGAN USAHA 2008-2012;Tidak ada;0 eksemplar1
PENDAPATAN NASIONAL INDONESIA 2010-2014;Tidak ada;0 eksemplar1
PENDAPATAN NASIONAL INDONESIA 2010-2013;Tidak ada;0 eksemplar1
PRODUK DOMESTIK REGIONAL BRUTO PROVINSI-PROVINSI DI INDONESIA MENURUT PENGGUNAAN 2005-2009;Tidak ada;0 eksemplar1
PRODUK DOMESTIK REGIONAL BRUTO KABUPATEN/KOTA DI INDONESIA 2008-2012;Tidak ada;0 eksemplar1
PRODUK DOMESTIK REGIONAL BRUTO KOTA MANADO MENURUT LAPANGAN USAHA 2013-2017;Tidak ada;0 eksemplar1
PRODUK DOMESTIK REGIONAL BRUTO PROVINSI-PROVINSI DI INDONESIA MENURUT PENGGUNAAN 2008-2012;Tidak ada;0 eksemplar1
SENSUS PERTANIAN 2013, ANGKA NASIONAL HASIL SURVEI ST2013 RUMAH TANGGA USAHA PERKEBUNAN 2014 BUKU D;Tidak ada;0 eksemplar1
SENSUS PERTANIAN 2013, ANGKA NASIONAL HASIL SURVEI ST2013 RUMAH TANGGA USAHA PERKEBUNAN 2014 BUKU D;Tidak ada;0 eksemplar1
SENSUS PERTANIAN 2013, ANGKA NASIONAL HASIL SURVEI ST2013 RUMAH TANGGA USAHA PERKEBUNAN 2014 BUKU D;Tidak ada;0 eksemplar1
PRODUK DOMESTIK REGIONAL BRUTO (PDRB) MENURUT PENGELUARAN KOTA MANADO 2012-2016;Tidak ada;1 eksemplar3
INDIKATOR PEMBANGUNAN BERKELANJUTAN 2015;Tidak ada;0 eksemplar3
INDIKATOR PEMBANGUNAN BERKELANJUTAN 2014;Tidak ada;2 eksemplar1
INDIKATOR PEMBANGUNAN BERKELANJUTAN 2015;Tidak ada;0 eksemplar1
INDEKS TENDENSI BISNIS DAN INDEKS TENDENSI KONSUMEN 2016;Tidak ada;0 eksemplar1
NERACA LEMBAGA NON PROFIT YANG MELAYANI RUMAH TANGGA TAHUN 2012-2014;Tidak ada;0 eksemplar1
NERACA LEMBAGA NON PROFIT YANG MELAYANI RUMAH TANGGA 2013-2015;Tidak ada;0 eksemplar1
INDIKATOR PEMBANGUNAN BERKELANJUTAN 2016;Tidak ada;0 eksemplar1
INDIKATOR PEMBANGUNAN BERKELANJUTAN 2016;Tidak ada;0 eksemplar1
WENANG DALAM ANGKA 2012;Tidak ada;0 eksemplar1
BULETIN STATISTIK PERDAGANGAN LUAR NEGERI EKSPOR (MENURUT KELOMPOK KOMODITI DAN NEGARA) JULI 2014;Tidak ada;0 eksemplar1
BULETIN STATISTIK PERDAGANGAN LUAR NEGERI EKSPOR (MENURUT KELOMPOK KOMODITI DAN NEGARA) JANUARI 2015;Tidak ada;0 eksemplar1
ANALISIS TEMATIK ST2013 SUBSEKTOR EFISIENSI SISTEM PRODUKSI DAN TATANIAGA HORTIKULTURA BUKU 3;Tidak ada;1 eksemplar1
STATISTIK TANAMAN HORTIKULTURA SULAWESI UTARA 2016;Tidak ada;1 eksemplar1
STATISTIK KONSTRUKSI 2015;Tidak ada;2 eksemplar1
STATISTIK UPAH 2015;Tidak ada;0 eksemplar1
TINJAUAN EKONOMI REGIONAL SULAWESI UTARA 2012;Tidak ada;0 eksemplar1
BUKU SAKU STATISTIK INDONESIA 1998;Tidak ada;0 eksemplar1
STATISTIK INDONESIA 1988;Tidak ada;0 eksemplar1
BUKU SAKU STATISTIK INDONESIA 1999;Tidak ada;0 eksemplar1
STATISTIK INDONESIA 1996;Tidak ada;0 eksemplar1
BUKU SAKU STATISTIK INDONESIA 1977;Tidak ada;0 eksemplar1
BUKU SAKU STATISTIK INDONESIA 1982;Tidak ada;0 eksemplar1
BUKU SAKU STATISTIK INDONESIA 1987;Tidak ada;0 eksemplar1
STATISTIK INDONESIA 1989;Tidak ada;0 eksemplar1
BUKU SAKU STATISTIK INDONESIA 2005/2006;Tidak ada;0 eksemplar1
BUKU SAKU STATISTIK INDONESIA 2010;Tidak ada;0 eksemplar1
PETA STATISTIK INDONESIA 2016;Tidak ada;0 eksemplar1
BUKU SAKU STATISTIK INDONESIA 2007;Tidak ada;0 eksemplar1
DIREKTORI PERUSAHAAN KONSTRUKSI 2013 BUKU V: PULAU SULAWESI;Tidak ada;0 eksemplar1
DIREKTORI INDUSTRI PENGOLAHAN INDONESIA 2010;Tidak ada;0 eksemplar1
DIREKTORI INDUSTRI PENGOLAHAN INDONESIA 2009;Tidak ada;0 eksemplar1
DIREKTORI INDUSTRI MANUFAKTUR INDONESIA 2013;Tidak ada;0 eksemplar1
TINJAUAN EKONOMI REGIONAL PROVINSI SULAWESI UTARA 2018/2019;1;1 eksemplar1
KONSUMSI KALORI DAN PROTEIN PENDUDUK INDONESIA DAN PROVINSI (BUKU II) SEPTEMBER 2018;Tidak ada;1 eksemplar1
TINJAUAN EKONOMI REGIONAL PROVINSI SULAWESI UTARA 2005;Tidak ada;0 eksemplar1
INDIKATOR KESEJAHTERAAN RAKYAT PROVINSI SULAWESI UTARA 2003;Tidak ada;0 eksemplar1
PRODUK DOMESTIK REGIONAL BRUTO PROVINSI SULAWESI UTARA MENURUT PENGELUARAN 2014-2018;Tidak ada;0 eksemplar1
STATISTIK KESEJAHTERAAN RAKYAT PROVINSI SULAWESI UTARA 2018;1;1 eksemplar
PERKEMBANGAN TINGKAT KEMISKINAN PROVINSI SULAWESI UTARA 2016;Tidak ada;1 eksemplar2
PROFIL INDUSTRI MIKRO DAN KECIL PROVINSI SULAWESI UTARA 2017;Tidak ada;2 eksemplar1
KABUPATEN BOLAANG MONGONDOW SELATAN DALAM ANGKA 2019;Tidak ada;0 eksemplar1
STATISTIK INDONESIA 2019;Tidak ada;0 eksemplar1
KABUPATEN MINAHASA DALAM ANGKA 2019;1;1 eksemplar1
KEADAAN KETENAGAKERJAAN PROVINSI SULAWESI UTARA 2018;Tidak ada;1 eksemplar4
PROVINSI SULAWESI UTARA DALAM ANGKA 2020 PENYEDIAAN DATA UNTUK PERENCANAAN PEMBANGUNAN;Tidak ada;0 eksemplar4
INDEKS TENDENSI KONSUMEN SULAWESI BARAT TRIWULAN I 2018;Tidak ada;0 eksemplar4
PENGELUARAN KONSUMSI PENDUDUK PROVINSI SULAWESI UTARA 2018;Tidak ada;2 eksemplar4
PENGELUARAN KONSUMSI PENDUDUK PROVINSI SULAWESI UTARA 2018;Tidak ada;2 eksemplar2
TINJAUAN EKONOMI REGIONAL PROVINSI SULAWESI UTARA 2018/2019;Tidak ada;1 eksemplar1
KEADAAN KETENAGAKERJAAN PROVINSI SULAWESI UTARA 2018;Tidak ada;1 eksemplar4
INDEKS DEMOKRASI INDONESIA PROVINSI SULAWESI UTARA 2014-2018;Tidak ada;1 eksemplar3
PROVINSI SULAWESI UTARA DALAM ANGKA 2020 PENYEDIAAN DATA UNTUK PERENCANAAN PEMBANGUNAN;Tidak ada;0 eksemplar3
INDEKS DEMOKRASI INDONESIA PROVINSI SULAWESI UTARA 2014-2018;Tidak ada;1 eksemplar3
INDIKATOR KESEJAHTERAAN RAKYAT PROVINSI SULAWESI UTARA 2018;Tidak ada;1 eksemplar2
INDEKS HARGA KONSUMEN KOTA MANADO 2019;Tidak ada;1 eksemplar2
INDEKS HARGA KONSUMEN KOTA MANADO TAHUN 2018;Tidak ada;1 eksemplar2
PERKEMBANGAN TINGKAT KEMISKINAN PROVINSI SULAWESI UTARA 2019;Tidak ada;1 eksemplar2
PERKEMBANGAN TINGKAT KEMISKINAN PROVINSI SULAWESI UTARA 2018;Tidak ada;2 eksemplar2
KABUPATEN MINAHASA DALAM ANGKA 2020 PENYEDIAAN DATA UNTUK PERENCANAAN PEMBANGUNAN;Tidak ada;0 eksemplar2
PROVINSI SULAWESI UTARA DALAM ANGKA 2022;Tidak ada;1 eksemplar1
INDIKATOR MAKRO SOSIAL EKONOMI PROVINSI SULAWESI UTARA TRIWULAN II-2023;Tidak ada;1 eksemplar1
INDIKATOR MAKRO SOSIAL EKONOMI PROVINSI SULAWESI UTARA TRIWULAN I-2023;Tidak ada;0 eksemplar1
INDEKS PEMBANGUNAN MANUSIA PROVINSI SULAWESI UTARA 2022;Tidak ada;0 eksemplar1
PROVINSI SULAWESI UTARA DALAM INFOGRAFIS SEMESTER II 2022;Tidak ada;0 eksemplar1
KEADAAN KETENAGAKERJAAN PROVINSI SULAWESI UTARA 2022;1;0 eksemplar
KEADAAN KETENAGAKERJAAN PROVINSI SULAWESI UTARA FEBRUARI 2023;Tidak ada;1 eksemplar2
KABUPATEN MINAHASA UTARA DALAM ANGKA 2020;Tidak ada;0 eksemplar2
KECAMATAN LIKUPANG SELATAN DALAM ANGKA 2020;Tidak ada;0 eksemplar2
KABUPATEN KEPULAUAN SANGIHE DALAM ANGKA 2020;Tidak ada;0 eksemplar2
KABUPATEN BOLAANG MONGONDOW TIMUR DALAM ANGKA 2020;Tidak ada;0 eksemplar2
KABUPATEN BOLAANG MONGONDOW TIMUR DALAM ANGKA 2020 PENYEDIAAN DATA UNTUK PERENCANAAN PEMBANGUNAN;Tidak ada;0 eksemplar2
KECAMATAN KOTAMOBAGU SELATAN DALAM ANGKA 2020;Tidak ada;0 eksemplar2
KECAMATAN KOTAMOBAGU TIMUR DALAM ANGKA 2020;Tidak ada;0 eksemplar2
KECAMATAN KOTAMOBAGU BARAT DALAM ANGKA 2020;Tidak ada;0 eksemplar2
KECAMATAN KOTAMOBAGU UTARA DALAM ANGKA 2020;Tidak ada;0 eksemplar2
KECAMATAN NUANGAN DALAM ANGKA 2020;Tidak ada;0 eksemplar2
KECAMATAN TUTUYAN DALAM ANGKA 2020;Tidak ada;0 eksemplar2
KECAMATAN KOTABUNAN DALAM ANGKA 2020;Tidak ada;0 eksemplar2
KECAMATAN MODAYAG BARAT DALAM ANGKA 2020;Tidak ada;0 eksemplar2
KECAMATAN MODAYAG DALAM ANGKA 2020;Tidak ada;0 eksemplar2
KOTA KOTAMOBAGU DALAM ANGKA 2020 PENYEDIAAN DATA UNTUK PERENCANAAN PEMBANGUNAN;Tidak ada;1 eksemplar1
KECAMATAN MOTONGKAD DALAM ANGKA 2020;Tidak ada;0 eksemplar1
KECAMATAN KOTABUNAN DALAM ANGKA 2020;Tidak ada;0 eksemplar1
KECAMATAN MODAYAG DALAM ANGKA 2020;Tidak ada;0 eksemplar1
KECAMATAN SONDER DALAM ANGKA 2020;Tidak ada;0 eksemplar1
KECAMATAN LEMBEAN TIMUR DALAM ANGKA 2020;Tidak ada;0 eksemplar1
KECAMATAN KAKAS DALAM ANGKA 2020;Tidak ada;0 eksemplar1
KECAMATAN TOMBARIRI DALAM ANGKA 2020;Tidak ada;0 eksemplar1
KECAMATAN LANGOWAN SELATAN DALAM ANGKA 2020;Tidak ada;0 eksemplar1
KECAMATAN TOMPASO BARAT DALAM ANGKA 2020;Tidak ada;0 eksemplar1
KECAMATAN MANDOLANG DALAM ANGKA 2020;Tidak ada;0 eksemplar1
KECAMATAN PINELENG DALAM ANGKA 2020;Tidak ada;0 eksemplar1
KECAMATAN TOMBULU DALAM ANGKA 2020;Tidak ada;0 eksemplar1
KECAMATAN TONDANO UTARA DALAM ANGKA 2020;Tidak ada;0 eksemplar1
KECAMATAN KAWANGKOAN UTARA DALAM ANGKA 2020;Tidak ada;0 eksemplar1
KECAMATAN LANGOWAN BARAT DALAM ANGKA 2020;Tidak ada;0 eksemplar1
KECAMATAN KAKAS BARAT DALAM ANGKA 2020;Tidak ada;0 eksemplar1
KECAMATAN KAWANGKOAN DALAM ANGKA 2020;Tidak ada;0 eksemplar1
KECAMATAN TONDANO TIMUR DALAM ANGKA 2020;Tidak ada;0 eksemplar1
KECAMATAN TONDANO BARAT DALAM ANGKA 2020;Tidak ada;0 eksemplar1
KECAMATAN LANGOWAN TIMUR DALAM ANGKA 2020;Tidak ada;0 eksemplar1
KECAMATAN REMBOKEN DALAM ANGKA 2020;Tidak ada;0 eksemplar1
KECAMATAN TOMPASO DALAM ANGKA 2020;Tidak ada;0 eksemplar1
KECAMATAN LANGOWAN TIMUR DALAM ANGKA 2020;Tidak ada;0 eksemplar1
KECAMATAN KAWANGKOAN BARAT DALAM ANGKA 2020;Tidak ada;0 eksemplar1
KECAMATAN TONDANO SELATAN DALAM ANGKA 2020;Tidak ada;0 eksemplar1
KECAMATAN TOMBARIRI TIMUR DALAM ANGKA 2020;Tidak ada;0 eksemplar1
KECAMATAN KOMBI DALAM ANGKA 2020;Tidak ada;0 eksemplar1
"KECAMATAN ERIS DALAM ANGKA 2020 ";Tidak ada;2 eksemplar1
KECAMATAN BIARO DALAM ANGKA 2020;Tidak ada;0 eksemplar1
KECAMATAN TAGULANDANG SELATAN DALAM ANGKA 2020;Tidak ada;0 eksemplar1
KECAMATAN SIAU BARAT SELATAN DALAM ANGKA 2020;Tidak ada;0 eksemplar1
KECAMATAN SIAU TENGAH DALAM ANGKA 2020;Tidak ada;0 eksemplar1
KECAMATAN SIAU TIMUR DALAM ANGKA 2020;Tidak ada;0 eksemplar1
KECAMATAN SIAU TIMUR SELATAN DALAM ANGKA 2020;Tidak ada;0 eksemplar1
KECAMATAN SIAU BARAT UTARA DALAM ANGKA 2020;Tidak ada;0 eksemplar1
KECAMATAN TAGULANDANG UTARA DALAM ANGKA 2020;Tidak ada;0 eksemplar1
KECAMATAN TAGULANDANG DALAM ANGKA 2020;Tidak ada;0 eksemplar1
KECAMATAN SIAU BARAT UTARA DALAM ANGKA 2020;Tidak ada;0 eksemplar1
KABUPATEN MINAHASA DALAM ANGKA 2021;Tidak ada;0 eksemplar1
KABUPATEN MINAHASA TENGGARA DALAM ANGKA 2021;Tidak ada;0 eksemplar1
KABUPATEN BOLAANG MONGONDOW DALAM ANGKA 2021;Tidak ada;0 eksemplar1
KABUPATEN BOLAANG MONGONDOW SELATAN DALAM ANGKA 2021;Tidak ada;0 eksemplar1
KABUPATEN BOLAANG MONGONDOW UTARA DALAM ANGKA 2021;Tidak ada;0 eksemplar1
KABUPATEN BOLAANG MONGONDOW TIMUR DALAM ANGKA 2021;Tidak ada;0 eksemplar1
PENDUDUK PROVINSI SULAWESI UTARA HASIL LONG FORM SENSUS PENDUDUK 2020;Tidak ada;1 eksemplar1
STATISTIK MIGRASI PROVINSI SULAWESI UTARA HASIL LONG FORM SENSUS  PENDUDUK 2020;Tidak ada;1 eksemplar1
ANALISIS TEMATIK KEPENDUDUKAN PROVINSI SULAWESI UTARA - MIGRASI DALAM TRANSISI DEMOGRAFI (MEMOAR, MASA KINI, DAN MASA DATANG);Tidak ada;1 eksemplar2
STATISTIK DAERAH PROVINSI SULAWESI UTARA 2023;Tidak ada;1 eksemplar4
PERKEMBANGAN TINGKAT KEMISKINAN PROVINSI SULAWESI UTARA 2022;Tidak ada;1 eksemplar1
PROYEKSI PENDUDUK KABUPATEN/KOTA PROVINSI SULAWESI UTARA 2020-2035 HASIL SENSUS PENDUDUK 2020;Tidak ada;4 eksemplar2
STATISTIK DAERAH PROVINSI SULAWESI UTARA 2023;Tidak ada;1 eksemplar4
