STATISTIK DAERAH KOTA TOMOHON 2016;1
STATISTIK DAERAH KABUPATEN BOLAANG MONGONDOW 2016;1
STATISTIK DAERAH KABUPATEN MINAHASA TENGGARA 2016;1
STATISTIK DAERAH KECAMATAN MARONGE 2016;1
STATISTIK DAERAH KECAMATAN ESSANG SELATAN 2016;1
STATISTIK DAERAH KECAMATAN MANGANITU SELATAN 2016;1
STATISTIK DAERAH KABUPATEN MINAHASA SELATAN 2017;1
STATISTIK DAERAH KABUPATEN BOLAANG MONGONDOW SELATAN 2017;1
STATISTIK DAERAH KABUPATEN BOLAANG MONGONDOW 2017;1
STATISTIK DAERAH KECAMATAN KENDAHE 2016;1
STATISTIK DAERAH KECAMATAN BOLANGITANG TIMUR 2015;1
STATISTIK DAERAH KECAMATAN MELONGUANE TIMUR 2016;1
STATISTIK DAERAH KECAMATAN NANUSA 2016;1
STATISTIK DAERAH KECAMATAN NANUSA 2016;Tidak ada
STATISTIK DAERAH KECAMATAN TOMOHON SELATAN 2016;Tidak ada
STATISTIK DAERAH KECAMATAN TOMOHON UTARA 2016;2
STATISTIK DAERAH KECAMATAN TONDANO UTARA 2014;1
STATISTIK DAERAH KECAMATAN TATOARENG 2016;1
STATISTIK DAERAH KECAMATAN TAMAKO 2016;1
STATISTIK DAERAH KECAMATAN TABUKAN TENGAH 2016;1
STATISTIK DAERAH KECAMATAN RAINIS 2016;2
STATISTIK DAERAH KECAMATAN PINOLOSIAN TENGAH 2016;1
STATISTIK TELEKOMUNIKASI INDONESIA 2014;1
KECAMATAN PINOLOSIAN TIMUR DALAM ANGKA 2014;1
KECAMATAN KOTAMOBAGU BARAT DALAM ANGKA 2015;1
KECAMATAN KOTAMOBAGU SELATAN DALAM ANGKA 2015;1
KECAMATAN MODAYAG BARAT DALAM ANGKA 2015;1
KECAMATAN MODAYAG BARAT DALAM ANGKA 2008;Tidak ada
DIREKTORI PERUSAHAAN AIR MINUM, LISTRIK DAN GAS 2013;1
STATISTIK DAERAH KABUPATEN BOLAANG MONGONDOW UTARA 2017;1
STATISTIK DAERAH KECAMATAN TAHUNA TIMUR 2016;2
STATISTIK DAERAH KECAMATAN TAHUNA TIMUR 2016;Tidak ada
STATISTIK DAERAH KECAMATAN TOMOHON TENGAH 2016;2
STATISTIK DAERAH KECAMATAN MIANGAS 2016;1
KEADAAN ANGKATAN KERJA DI INDONESIA AGUSTUS 2008;Tidak ada
KECAMATAN KOTAMOBAGU TIMUR DALAM ANGKA 2015;1
PENGELUARAN UNTUK KONSUMSI PENDUDUK INDONESIA (BUKU I) MARET 2016;1
STATISTIK DAERAH KECAMATAN DUMOGA TIMUR 2016;1
STATISTIK DAERAH KECAMATAN NUANGAN 2015;1
STATISTIK DAERAH KECAMATAN LIRUNG 2016;1
STATISTIK DAERAH KABUPATEN KEPULAUAN SANGIHE 2016;1
TABUKAN TENGAH DALAM ANGKA 2011;1
STATISTIK DAERAH KECAMATAN GEMEH 2016;1
KECAMATAN MALALAYANG DALAM ANGKA 2017;3
STATISTIK DAERAH KECAMATAN KALONGAN 2016;1
STATISTIK DAERAH KECAMATAN KABARUAN 2016;1
STATISTIK DAERAH KECAMATAN BOLANGITANG BARAT 2016;1
STATISTIK DAERAH KECAMATAN DAMAU 2016;1
STATISTIK DAERAH KECAMATAN SALIBABU 2016;2
PETA TEMATIK SENSUS PERTANIAN 2013;1
KECAMATAN PINOGALUMAN DALAM ANGKA 2018;1
STATISTIK DAERAH KECAMATAN BOLANGITANG TIMUR 2016;1
PENGELUARAN UNTUK KONSUMSI PENDUDUK INDONESIA (BUKU I) SEPTEMBER 2016;1
STATISTIK DAERAH KECAMATAN BEO SELATAN 2016;1
PRODUK DOMESTIK REGIONAL BRUTO MENURUT PENGELUARAN KABUPATEN BOLAANG MONGONDOW 2014-2018;1
PRODUK DOMESTIK REGIONAL BRUTO KABUPATEN BOLAANG MONGONDOW MENURUT LAPANGAN USAHA 2014-2018;1
PRODUK DOMESTIK REGIONAL BRUTO (PDRB) KABUPATEN BOLAANG MONGONDOW MENURUT LAPANGAN USAHA 2013-2017;2
PRODUK DOMESTIK REGIONAL BRUTO (PDRB) KABUPATEN BOLAANG MONGONDOW MENURUT LAPANGAN USAHA 2013-2017;Tidak ada
PRODUK DOMESTIK REGIONAL BRUTO MENURUT LAPANGAN USAHA KABUPATEN BOLAANG MONGONDOW TAHUN 2010-2015;1
DIREKTORI PERUSAHAAN KONSTRUKSI PROVINSI SULAWESI UTARA 2018;Tidak ada
PROVINSI SULAWESI UTARA DALAM ANGKA 2018;Tidak ada
PROVINSI SULAWESI UTARA DALAM ANGKA 2016;Tidak ada
STATISTIK DAERAH KABUPATEN BOLAANG MONGONDOW TIMUR 2016;1
"STATISTIK DAERAH KECAMATAN DUMOGA TENGAH 2016 ";Tidak ada
STATISTIK DAERAH KABUPATEN KEPULAUAN TALAUD 2017;2
STATISTIK DAERAH KABUPATEN KEPULAUAN TALAUD 2017;Tidak ada
STATISTIK DAERAH KOTA KOTAMOBAGU 2016;2
STATISTIK DAERAH KOTA KOTAMOBAGU 2017;2
STATISTIK DAERAH KOTA KOTAMOBAGU 2017;Tidak ada
STATISTIK DAERAH KECAMATAN TOMOHON BARAT 2016;Tidak ada
PRODUK DOMESTIK REGIONAL BRUTO KABUPATEN MINAHASA MENURUT LAPANGAN USAHA 2014-2018;1
STATISTIK DAERAH KAWANGKOAN UTARA 2016;1
PRODUK DOMESTIK REGIONAL BRUTO KABUPATEN MINAHASA MENURUT PENGELUARAN 2014-2018;1
PRODUK DOMESTIK REGIONAL BRUTO KABUPATEN MINAHASA MENURUT LAPANGAN USAHA 2012-2016;1
PRODUK DOMESTIK REGIONAL BRUTO PROVINSI SULAWESI UTARA MENURUT PENGELUARAN 2015-2019;Tidak ada
PRODUK DOMESTIK REGIONAL BRUTO KABUPATEN MINAHASA MENURUT LAPANGAN USAHA  2013-2017;2
PRODUK DOMESTIK REGIONAL BRUTO (PDRB) KABUPATEN BOLAANG MONGONDOW MENURUT PENGELUARAN 2013-2017;1
PRODUK DOMESTIK REGIONAL BRUTO (PDRB) KABUPATEN BOLAANG MONGONDOW UTARA MENURUT PENGELUARAN 2013-2017;1
STATISTIK KESEJAHTERAAN RAKYAT KABUPATEN MINAHASA 2019;1
STATISTIK DAERAH TONDANO UTARA 2016;1
STATISTIK DAERAH KECAMATAN ESSANG 2016;Tidak ada
STATISTIK DAERAH TOMPASO BARAT 2016;1
STATISTIK DAERAH KECAMATAN KOTAMOBAGU SELATAN 2016;Tidak ada
STATISTIK DAERAH KECAMATAN KOTAMOBAGU SELATAN 2016;Tidak ada
STATISTIK DAERAH PINELENG 2016;1
STATISTIK DAERAH TONDANO SELATAN 2016;2
STATISTIK DAERAH TONDANO SELATAN 2016;Tidak ada
STATISTIK DAERAH KECAMATAN TOMOHON TENGAH 2016;Tidak ada
STATISTIK DAERAH TOMBARIRI TIMUR 2016;2
STATISTIK DAERAH TOMBARIRI TIMUR 2016;Tidak ada
STATISTIK DAERAH SONDER 2016;1
STATISTIK DAERAH LANGOWAN SELATAN 2016;1
STATISTIK DAERAH KECAMATAN TUTUYAN 2016;2
STATISTIK DAERAH KECAMATAN TABUKAN SELATAN TENGGARA 2016;1
STATISTIK DAERAH KECAMATAN TABUKAN SELATAN TENGAH 2016;1
STATISTIK DAERAH KECAMATAN RAINIS 2016;Tidak ada
STATISTIK DAERAH KECAMATAN NUANGAN 2016;2
STATISTIK DAERAH KECAMATAN TOMOHON SELATAN 2016;Tidak ada
STATISTIK DAERAH KABUPATEN BOLAANG MONGONDOW TIMUR 2017;1
STATISTIK DAERAH KECAMATAN TUTUYAN 2016;Tidak ada
STATISTIK DAERAH KECAMATAN NUANGAN 2016;Tidak ada
STATISTIK DAERAH KAKAS BARAT 2016;1
HARGA KONSUMEN BEBERAPA BARANG DAN JASA KELOMPOK PERUMAHAN 82 KOTA DI INDONESIA 2015;1
STATISTIK DAERAH KECAMATAN MALALAYANG 2016;1
HARGA KONSUMEN BEBERAPA BARANG DAN JASA KELOMPOK KESEHATAN, PENDIDIKAN, DAN TRANSPOR 82 KOTA DI INDONESIA 2015;1
STATISTIK DAERAH KECAMATAN DUMOGA UTARA 2016;1
STATISTIK KEUANGAN PEMERINTAH DAERAH KABUPATEN/KOTA 1998/1999 - 1999/2000;2
PETA INDEKS 2005 PROVINSI SULAWESI UTARA;Tidak ada
PERKEMBANGAN MINGGUAN HARGA ECERAN BEBERAPA JENIS BAHAN POKOK DI IBUKOTA PROVINSI SELURUH INDONESIA 2016 (JANUARI-JUNI);Tidak ada
PETA TEMATIK INFRASTRUKTUR PENDIDIKAN NEGERI DI INDONESIA 2011 (HASIL SENSUS INFRASTRUKTUR DESA) 2011;1
STATISTIK DAERAH PROVINSI KALIMANTAN SELATAN 2015;1
PETA TEMATIK INFRASTRUKTUR KESEHATAN DASAR DI INDONESIA 2011 (HASIL SENSUS INFRASTRUKTUR DESA) 2011;1
STATISTIK PERUMAHAN PROVINSI SULAWESI UTARA (HASIL PENDAFTARAN BANGUNAN SENSUS PENDUDUK 2000);1
INDEKS HARGA KONSUMEN (IHK) 82 KOTA DI INDONESIA (2012=100) 2015;2
STATISTIK KEUANGAN PEMERINTAHAN PROVINSI 2009-2012;Tidak ada
STATISTIK LEMBAGA KEUANGAN 2012;Tidak ada
STATISTIK KEUANGAN BADAN USAHA MILIK NEGARA (BUMN) DAN BADAN USAHA MILIK DAERAH (BUMD) 2012;Tidak ada
STATISTIK KEUANGAN PEMERINTAH PROVINSI 2012-2015;1
STATISTIK KEUANGAN PEMERINTAHAN DESA 2008;Tidak ada
DIAGRAM TIMBANG NILAI TUKAR PETANI (NTP) - SUBSEKTOR TANAMAN HORTIKULTURA 2012;2
STATISTIK KEUANGAN PEMERINTAHAN KABUPATEN/KOTA 2009-2010;Tidak ada
STATISTIK KEUANGAN PEMERINTAHAN KABUPATEN/KOTA 2011-2012;Tidak ada
POLA PENGELUARAN DAN KONSUMSI PENDUDUK INDONESIA 2014;2
STATISTIK LINGKUNGAN HIDUP INDONESIA 2011;Tidak ada
POLA PENGELUARAN DAN KONSUMSI PENDUDUK INDONESIA 2014;Tidak ada
EKSPOR INDONESIA MENURUT KODE ISIC 2009-2010;2
EKSPOR INDONESIA MENURUT KODE ISIC 2009-2010;Tidak ada
STATISTIK KEUANGAN PEMERINTAH DAERAH KABUPATEN/KOTA 2000-2002;1
STATISTIK HARGA PRODUSEN GABAH DI INDONESIA 2011;1
STATISTIK UPAH BURUH TANI DI PERDESAAN 2010;1
STATISTIK PERTAMBANGAN BAHAN GALIAN INDONESIA 2010-2013;1
HARGA KONSUMEN BEBERAPA BARANG KELOMPOK MAKANAN DI 45 KOTA DI INDONESIA 2007;1
HARGA KONSUMEN NASIONAL BEBERAPA BARANG DAN JASA 2008;1
HARGA KONSUMEN BEBERAPA BARANG DAN JASA KELOMPOK PERUMAHAN DI 45 KOTA DI INDONESIA 2007;1
INDIKATOR KESEJAHTERAAN RAKYAT PROVINSI SULAWESI UTARA TAHUN 2002;1
STATISTIK DAERAH KECAMATAN KOTABUNAN 2016;1
STATISTIK DAERAH KECAMATAN LOLAYAN 2016;1
STATISTIK DAERAH KECAMATAN TOMOHON UTARA 2016;Tidak ada
STATISTIK DAERAH REMBOKEN 2016;1
STATISTIK DAERAH KECAMATAN SANGTOMBOLANG 2016;2
STATISTIK DAERAH KECAMATAN SANGKUB 2016;1
STATISTIK DAERAH KECAMATAN SALIBABU 2016;Tidak ada
STATISTIK DAERAH KECAMATAN PASSI TIMUR 2016;1
LAPORAN SOSIAL INDONESIA 2007: ANALISIS PERKEMBANGAN STATISTIK KETENAGAKERJAAN;1
STATISTIK PENDUDUK LANJUT USIA 2009;1
STATISTIK DAERAH KECAMATAN BEO UTARA 2016;Tidak ada
PETA TEMATIK KEADAAN SOSIAL EKONOMI INDONESIA 1994;1
STATISTIK KEUANGAN PEMERINTAH DAERAH KABUPATEN/KOTA 1998/1999 - 1999/2000;Tidak ada
STATISTIK PERTAMBANGAN NON MINYAK DAN GAS BUMI 2005-2009;1
DIAGRAM TIMBANG NILAI TUKAR PETANI (NTP) - SUBSEKTOR TANAMAN PANGAN 2012;1
STATISTIK DAERAH KECAMATAN TOMOHON TIMUR 2016;Tidak ada
STATISTIK DAERAH KECAMATAN SANGTOMBOLANG 2016;Tidak ada
HARGA KONSUMEN BEBERAPA BARANG DAN JASA, KELOMPOK KESEHATAN, PENDIDIKAN, DAN TRANSPOR DI 66 KOTA DI INDONESIA 2013;1
STATISTIK DAERAH KOTA MANADO 2015;1
PROVINSI KALIMANTAN SELATAN DALAM ANGKA 2018;1
STATISTIK PERTAMBANGAN NON MINYAK DAN GAS BUMI 2004-2008;1
DIAGRAM TIMBANG NILAI TUKAR PETANI (NTP) - SUBSEKTOR PETERNAKAN 2012;1
STATISTIK KELAPA SAWIT INDONESIA 2007;Tidak ada
STATISTIK KEUANGAN PEMERINTAH DAERAH KABUPATEN/KOTA 2003-2004;1
DIAGRAM TIMBANG NILAI TUKAR PETANI (NTP) - SUBSEKTOR TANAMAN HORTIKULTURA 2012;Tidak ada
DIAGRAM TIMBANG NILAI TUKAR PETANI (NTP) - SUBSEKTOR TANAMAN PERKEBUNAN RAKYAT 2012;1
STATISTIK KEUANGAN BADAN USAHA MILIK NEGARA (BUMN) DAN BADAN USAHA MILIK DAERAH (BUMD) 2010;1
STATISTIK KEUANGAN PEMERINTAHAN DESA 2008;Tidak ada
ANALISIS STATISTIK EKONOMI (INDIKATOR PENDAHULU) 2010;1
STATISTIK DAERAH PROVINSI BALI 2014;1
STATISTIK DAERAH PROVINSI ACEH 2014;1
STATISTIK DAERAH PROVINSI SULAWESI TENGAH 2014;1
STATISTIK DAERAH PROVINSI SUMATERA BARAT 2011;1
PERUMAHAN PENDUDUK INDONESIA (HASIL SENSUS PENDUDUK 2010) 2010;1
STATISTIK DAERAH KECAMATAN TAGULANDANG UTARA 2011;1
STATISTIK DAERAH KECAMATAN TABUKAN SELATAN TENGGARA 2011;1
STATISTIK DAERAH KECAMATAN TATOARENG 2011;1
STATISTIK DAERAH KECAMATAN TABUKAN TENGAH 2011;1
STATISTIK PEMOTONGAN TERNAK 2012;Tidak ada
STATISTIK PEMOTONGAN TERNAK 2012;Tidak ada
PROFIL USAHA KONSTRUKSI PERORANGAN 2013;1
KONSTRUKSI DALAM ANGKA 2013;1
PENGEMBANGAN MODEL SOSIAL EKONOMI : PENGGUNAAN METODE GWR UNTUK ANALISIS DATA SOSIAL DAN EKONOMI;Tidak ada
DIREKTORI PERUSAHAAN KEHUTANAN 2013;Tidak ada
STATISTIK DAERAH KOTA BITUNG 2014;1
SURVEI DEMOGRAFI DAN KESEHATAN INDONESIA 1997 : PEDOMAN KANTOR STATISTIK PROPINSI;1
KECAMATAN WENANG DALAM ANGKA 2008;1
KECAMATAN SARIO DALAM ANGKA 2008;1
KECAMATAN MAPANGET DALAM ANGKA 2008;1
KECAMATAN BUNAKEN DALAM ANGKA 2009;1
STATISTIK NILAI TUKAR PETANI PROVINSI SULAWESI UTARA 2010;2
STATISTIK INDUSTRI BESAR SEDANG PROVINSI SULAWESI UTARA 2010;2
STATISTIK INDONESIA 2008;Tidak ada
INDONESIA YOUNG ADULT REPRODUCTIVE HEALT SURVEY 2007;1
SENSUS PERTANIAN 2013 HASIL PENCACAHAN LENGKAP PROVINSI SULAWESI UTARA;Tidak ada
SURVEI DEMOGRAFI DAN KESEHATAN INDONESIA 1994 : PEDOMAN PEWAWANCARA;1
STATISTIK NILAI TUKAR PETANI PROVINSI SULAWESI UTARA 2010;Tidak ada
STATISTIK KESEJAHTERAAN RAKYAT PROVINSI SULAWESI UTARA 2013;Tidak ada
STATISTIK INDONESIA 2014;Tidak ada
BUNAKEN DALAM ANGKA 2012;1
PEDOMAN PENCACAHAN DAN PEMERIKSAAN SURVEI KEBUTUHAN DATA 2013;3
SURVEI DEMOGRAFI DAN KESEHATAN INDONESIA 1997;1
TUMINTING DALAM ANGKA 2012;1
MALALAYANG DALAM ANGKA 2012;1
LAPORAN STUDI PENYUSUNAN PDRB KOTA MANADO MENURUT PENGELUARAN 2011-2013;1
STATISTIK DAERAH KECAMATAN KAWANGKOAN UTARA 2012;1
HARGA KONSUMEN BEBERAPA BARANG DAN JASA KELOMPOK KESEHATAN, PENDIDIKAN, DAN TRANSPORTASI DI 66 KOTA DI INDONESIA 2008;1
KEGIATAN PERCEPATAN PENYEDIAAN DATA STATISTIK DALAM RANGKA KEBIJAKAN DANA PERIMBANGAN 2011;Tidak ada
PRODUK DOMESTIK REGIONAL BRUTO KABUPATEN MINAHASA TENGGARA MENURUT PENGGUNAAN 2013;2
STATISTIK MODAL SOSIAL 2012;1
KECAMATAN TIKALA DALAM ANGKA 2012;1
STATISTIK INDONESIA 2014;Tidak ada
DIREKTORI PERUSAHAAN KONSTRUKSI PROVINSI SULAWESI UTARA 2013;Tidak ada
PERKEMBANGAN TINGKAT KEMISKINAN PROVINSI SULAWESI UTARA 2013;1
STATISTIK INDONESIA 2004;Tidak ada
SURVEI DEMOGRAFI DAN KESEHATAN INDONESIA 1994 DAFTAR RUMAH TANGGA;1
PRODUK DOMESTIK REGIONAL BRUTO (PDRB) MENURUT LAPANGAN USAHA PROVINSI SULAWESI UTARA 2008-2012;Tidak ada
STATISTIK INDONESIA 2012;Tidak ada
SENSUS PERTANIAN 1993 LANJUTAN ANALISIS PERUSAHAAN HPH DAN HTI;1
NERACA ENERGI INDONESIA 2006-2010;1
SUSENAS 2011: PEDOMAN PENGAWASAN KOR DAN MODUL KONSUMSI;1
SUSENAS 2008: PEDOMAN KOR JULI;1
DIREKTORI PERUSAHAAN INDUSTRI PENGOLAHAN SKALA KECIL HASIL SENSUS EKONOMI 2006 BUKU 1;2
DIREKTORI PERUSAHAAN JASA PENDIDIKAN MENENGAH PULAU SULAWESI HASIL SENSUS EKONOMI 2006;1
DIREKTORI PERUSAHAAN REALESTAT, HASIL SENSUS EKONOMI 2006;1
DIREKTORI PERUSAHAAN KONSTRUKSI HASIL SENSUS EKONOMI 2006 BUKU 1;1
DIREKTORI PERUSAHAAN INDUSTRI PENGOLAHAN SKALA MENENGAH DAN BESAR HASIL SENSUS EKONOMI 2006 BUKU 1;1
DIREKTORI PERUSAHAAN INDUSTRI PENGOLAHAN SKALA KECIL HASIL SENSUS EKONOMI 2006 BUKU 1;Tidak ada
DIREKTORI INDUSTRI PENGOLAHAN INDONESIA 2005;1
KEADAAN KETENAGAKERJAAN PROVINSI SULAWESI UTARA 2012;1
KEADAAN KETENAGAKERJAAN PROVINSI SULAWESI UTARA 2010;1
PEREMPUAN DAN LAKI-LAKI DI INDONESIA 2012;1
KECAMATAN AIRMADIDI DALAM ANGKA 2012;2
PETA WILAYAH SULAWESI UTARA 2012;1
KATALOG PUBLIKASI DAN DATABASE SP2010;1
STATISTIK STRUKTUR UPAH 2007-2008;2
INDIKATOR KESEJAHTERAAN RAKYAT 2011;1
PROFIL STATISTIK KESEJAHTERAAN RAKYAT 1993-2007;3
PROFIL STATISTIK KESEJAHTERAAN RAKYAT 1993-2007;Tidak ada
STATISTIK PERTAMBANGAN BAHAN GALIAN INDONESIA 2006-2008;1
STATISTIK INDUSTRI BESAR DAN SEDANG BAGIAN I INDONESIA 1997;1
STATISTIK KESEJAHTERAAN RAKYAT 2004;Tidak ada
DAFTAR NAMA, KODE, DAN PETA WILAYAH ADMINISTRASI INDONESIA 1993;1
DIREKTORI INDUSTRI PENGOLAHAN INDONESIA 1997;1
KARAKTERISTIK PENDUDUK KALIMANTAN SELATAN HASIL SP 2000;1
INDEKS KEMAHALAN KONSTRUKSI PROVINSI DAN KABUPATEN/KOTA 2015;Tidak ada
STATISTIK INDUSTRI BESAR SEDANG PROVINSI SULAWESI UTARA 2010;Tidak ada
INDIKATOR KONSTRUKSI TRIWULAN I 2009;1
PROFIL INDUSTRI MIKRO DAN KECIL 2010;2
INDIKATOR KONSTRUKSI TRIWULAN IV 2008;1
STATISTIK INDUSTRI BESAR DAN SEDANG PROVINSI SULAWESI UTARA 2011;2
PROFIL INDUSTRI MIKRO DAN KECIL 2010;Tidak ada
INDIKATOR KONSTRUKSI TRIWULAN IV 2009;1
INDIKATOR KONSTRUKSI TRIWULAN I 2007;Tidak ada
SURVEI USAHA TERINTEGRASI 1999- STATISTIK INDUSTRI KECIL DAN KERAJINAN RUMAH TANGGA INDONESIA TAHUN 1999;2
KECAMATAN KAUDITAN DALAM ANGKA 2012;1
DIREKTORI PERUSAHAAN JASA PARIWISATA, HASIL SENSUS EKONOMI 2006;1
DIREKTORI PERUSAHAAN LISTRIK, GAS, DAN AIR, HASIL SENSUS EKONOMI 2006;1
PERUSAHAAN DI INDONESIA HASIL SENSUS EKONOMI 2006;1
STATISTIK INDONESIA 2010;2
LAPORAN SOSIAL INDONESIA 2008 - PERKEMBANGAN KONDISI KEPENDUDUKAN DAN PROGARAM KELUARGA BERENCANA;1
PRODUK DOMESTIK REGIONAL BRUTO (PDRB) MENURUT LAPANGAN USAHA KABUPATEN BOLAANG MONGONDOW 2012;1
STATISTIK INDONESIA 1997;Tidak ada
PENGELUARAN UNTUK KONSUMSI PROVINSI SULAWESI UTARA 2011;1
DIREKTORI INDUSTRI PENGOLAHAN INDONESIA 2006;1
KECAMATAN AIRMADIDI DALAM ANGKA 2012;Tidak ada
STATISTIK STRUKTUR UPAH 2007-2008;Tidak ada
STATISTIK INDUSTRI KERAJINAN RUMAHTANGGA 1996 (SE);1
DIREKTORI PERUSAHAAN PERTAMBANGAN BESAR 2015;Tidak ada
SURVEI USAHA TERINTEGRASI 1999- STATISTIK INDUSTRI KECIL DAN KERAJINAN RUMAH TANGGA INDONESIA TAHUN 1999;Tidak ada
PERUSAHAAN DI INDONESIA HASIL SENSUS EKONOMI 2006;Tidak ada
DIREKTORI PERUSAHAAN AIR BERSIH, LISTRIK, DAN DISTRIBUSI GAS 2015;Tidak ada
INDEKS HARGA KONSUMEN (IHK) 82 KOTA DI INDONESIA (2012=100) 2015;Tidak ada
INDIKATOR EKONOMI DESEMBER 2015;1
HARGA KONSUMEN BEBERAPA BARANG KELOMPOK MAKANAN 82 KOTA DI INDONESIA 2015;1
KOTA BITUNG DALAM ANGKA 2001;1
PENGEMBANGAN MODEL SOSIAL EKONOMI : PANDUAN PENGOLAHAN DATA DENGAN METODE GWR;1
POTRET USAHA PERTANIAN KOTA BANDAR LAMPUNG MENURUT SUBSEKTOR (HASIL PENCACAHAN LENGKAP SENSUS PERTANIAN 2013 DAN SURVEI PENDAPATAN RUMAH TANGGA USAHA PERTANIAN 2013);1
INDIKATOR EKONOMI DESEMBER 2013;1
INDIKATOR EKONOMI AGUSTUS 2013;1
STATISTIK INDUSTRI KECIL 1996;1
INDIKATOR EKONOMI JULI 2013;1
INDIKATOR EKONOMI NOVEMBER 2013;1
INDIKATOR EKONOMI OKTOBER 2013;1
INDIKATOR EKONOMI JANUARI 2013;1
STATISTIK PERUSAHAAN PETERNAKAN, TERNAK BESAR DAN TERNAK KECIL 2012;1
STATISTIK LISTRIK PLN 2004-2008;1
INDIKATOR KETENAGAKERJAAN FEBRUARI 2004;1
INDIKATOR TINGKAT HIDUP PEKERJA 2002-2004;1
STATISTIK INDUSTRI BESAR DAN SEDANG INDONESIA 2005 BAGIAN III;1
STATISTIK LISTRIK 2006-2010;1
PEDOMAN PENYUSUNAN PUBLIKASI DAERAH DALAM ANGKA;1
SENSUS EKONOMI 1986 ANALISA STATISTIK PERTAMBANGAN MINYAK DAN GAS BUMI;1
LUAS LAHAN MENURUT PENGGUNAANNYA DAN BANYAKNYA ALAT-ALAT PERTANIAN DI SULAWESI TENGGARA 2014;1
STATISTIK INDUSTRI BESAR DAN SEDANG PROVINSI SULAWESI UTARA 2013;2
PENDATAAN SOSIAL EKONOMI PENDUDUK 2005;Tidak ada
STATISTIK KELAPA SAWIT INDONESIA 2012;Tidak ada
STATISTIK KELAPA SAWIT INDONESIA 2012;Tidak ada
TINJAUANPEREKONOMIAN BALI 2012;1
INDEKS PEMBANGUNAN MANUSIA 2007-2008;1
INDEKS PEMBANGUNAN MANUSIA (IPM) 2010-2011;1
SURVEI DEMOGRAFI DAN KESEHATAN INDONESIA 2002-2003;1
INDIKATOR MAKRO EKONOMI DAN SOSIAL PROVINSI PAPUA BARAT TAHUN 2012;1
PROFIL STATISTIK KESEJAHTERAAN RAKYAT 1993-2007;Tidak ada
INDIKATOR KESEJAHTERAAN MASYARAKAT PROVINSI ACEH 2014;1
STATISTIK TANAMAN HIAS INDONESIA 2013;1
STATISTIK TANAMAN BIOFARMAKA INDONESIA 2012;1
STATISTIK TANAMAN SAYURAN DAN BUAH-BUAHAN SEMUSIM INDONESIA 2013;1
INFRASTRUKTUR DI TINGKAT KABUPATEN/KOTA DAN KECAMATAN BERDASARKAN HASIL PENDATAAN PODES 2008;1
INDEKS TENDENSI KONSUMEN PROVINSI BALI TAHUN 2013;1
STATISTIK POTENSI DESA PROVINSI SULAWESI UTARA 2003;Tidak ada
INDIKATOR PASAR TENAGA KERJA INDONESIA MEI 2014;1
STATISTIK KRIMINAL 2011;1
STATISTIK DAERAH PROVINSI PAPUA 2015;1
STATISTIK DAERAH KECAMATAN SONDER 2012;1
HASIL PENDAFTARAN PERUSAHAAN/USAHA, HASIL SENSUS EKONOMI 2006 INDONESIA;Tidak ada
INDIKATOR EKONOMI JUNI 2013;1
INDIKATOR KETENAGAKERJAAN NOVEMBER 2004;1
STATISTIK INDUSTRI BESAR DAN SEDANG PROVINSI SULAWESI UTARA 2013;Tidak ada
STATISTIK PERTAMBANGAN NONMINYAK DAN GAS BUMI 2006-2010;1
INDEKS PEMBANGUNAN MANUSIA 2005-2006;Tidak ada
STATISTIK POTENSI DESA PROVINSI SULAWESI UTARA 2003;Tidak ada
INDIKATOR PASAR TENAGA KERJA INDONESIA AGUSTUS 2011;1
INDIKATOR PERTANIAN PROVINSI NUSA TENGGARA BARAT 2014;1
STATISTIK SOLUS PER AQUA (SPA) 2014;3
PEKERJA ANAK DI INDONESIA 2009;1
PERUSAHAAN DI INDONESIA HASIL SENSUS EKONOMI 2006;Tidak ada
STATISTIK INDUSTRI BESAR DAN SEDANG PROVINSI SULAWESI UTARA 2011;Tidak ada
STATISTIK STRUKTUR UPAH 2010-2011;5
STATISTIK TANAMAN BUAH-BUAHAN DAN SAYURAN TAHUNAN INDONESIA 2013;1
STATISTIK POTENSI DESA PROVINSI SULAWESI UTARA 2003;Tidak ada
NERACA ENERGI INDONESIA 2010-2014;1
STATISTIK KONSTRUKSI SULAWESI TENGGARA 2014;1
STATISTIK PERTAMBANGAN BAHAN GALIAN INDONESIA 2009-2011;2
STATISTIK GAS 2007-2011;2
INDIKATOR KONSTRUKSI 2004;Tidak ada
INDEKS HARGA KONSUMEN KOTA MANADO 2010;Tidak ada
STATISTIK DAERAH KECAMATAN KAWANGKOAN BARAT 2014;1
STATISTIK KUNJUNGAN TAMU ASING PROVINSI SULAWESI UTARA 2010;1
STATISTIK KONSTRUKSI 2008;Tidak ada
STATISTIK PERTAMBANGAN MINYAK DAN GAS BUMI 2005-2009;2
STATISTIK PERTAMBANGAN MINYAK DAN GAS BUMI 2005-2009;Tidak ada
BULETIN STATISTIK PERDAGANGAN LUAR NEGERI EKSPOR (MENURUT KELOMPOK KOMODITI DAN NEGARA) SEPTEMBER 2016;1
STATISTIK PERUMAHAN PROVINSI SULAWESI UTARA (HASIL SENSUS PENDUDUK 2010);1
SENSUS EKONOMI 2006: PEDOMAN PENCACAH DAN PENGAWAS/PEMERIKSA SE06-UMB INDUSTRI BULANAN, SENSUS SAMPEL BUKU 7;1
INDIKATOR INDUSTRI BESAR DAN SEDANG PROVINSI SULAWESI TENGGARA 2014;2
STATISTIK KECAMATAN LIRUNG 2014;1
STATISTIK DAERAH KECAMATAN KAWANGKOAN UTARA 2014;1
STATISTIK KECAMATAN MIANGAS 2014;1
STATISTIK KECAMATAN MORONGE 2014;1
PRODUK DOMESTIK REGIONAL BRUTO (PDRB) MENURUT LAPANGAN USAHA KABUPATEN MINAHASA UTARA 2007-2012;1
BEO SELATAN DALAM ANGKA 2014;1
BULETIN STATISTIK PERDAGANGAN LUAR NEGERI EKSPOR (MENURUT KELOMPOK KOMODITI DAN NEGARA) AGUSTUS 2016;4
STATISTIK KECAMATAN SALIBABU 2014;1
STATISTIK GAS 2007-2011;Tidak ada
INDIKATOR KONSTRUKSI 2004;Tidak ada
INDEKS HARGA KONSUMEN KOTA MANADO 2010;Tidak ada
STATISTIK DAERAH KECAMATAN KAWANGKOAN BARAT 2014;Tidak ada
STATISTIK KUNJUNGAN TAMU ASING PROVINSI SULAWESI UTARA 2010;Tidak ada
STATISTIK KONSTRUKSI 2008;Tidak ada
STATISTIK PERTAMBANGAN MINYAK DAN GAS BUMI 2005-2009;Tidak ada
STATISTIK PERTAMBANGAN MINYAK DAN GAS BUMI 2005-2009;Tidak ada
BULETIN STATISTIK PERDAGANGAN LUAR NEGERI EKSPOR (MENURUT KELOMPOK KOMODITI DAN NEGARA) SEPTEMBER 2016;Tidak ada
STATISTIK PERUMAHAN PROVINSI SULAWESI UTARA (HASIL SENSUS PENDUDUK 2010);Tidak ada
SENSUS EKONOMI 2006: PEDOMAN PENCACAH DAN PENGAWAS/PEMERIKSA SE06-UMB INDUSTRI BULANAN, SENSUS SAMPEL BUKU 7;Tidak ada
INDIKATOR INDUSTRI BESAR DAN SEDANG PROVINSI SULAWESI TENGGARA 2014;Tidak ada
STATISTIK KECAMATAN LIRUNG 2014;Tidak ada
STATISTIK DAERAH KECAMATAN KAWANGKOAN UTARA 2014;Tidak ada
STATISTIK KECAMATAN MIANGAS 2014;Tidak ada
STATISTIK KECAMATAN MORONGE 2014;Tidak ada
PRODUK DOMESTIK REGIONAL BRUTO (PDRB) MENURUT LAPANGAN USAHA KABUPATEN MINAHASA UTARA 2007-2012;Tidak ada
BEO SELATAN DALAM ANGKA 2014;Tidak ada
BULETIN STATISTIK PERDAGANGAN LUAR NEGERI EKSPOR (MENURUT KELOMPOK KOMODITI DAN NEGARA) AGUSTUS 2016;Tidak ada
STATISTIK KECAMATAN SALIBABU 2014;Tidak ada
PENDAPATAN REGIONAL PROVINSI DAN DAERAH TINGKAT II SULAWESI UTARA 1983-1987;Tidak ada
STATISTIK STRUKTUR UPAH 2010-2011;Tidak ada
STATISTIK POTENSI DESA PROVINSI SULAWESI UTARA 2003;Tidak ada
STATISTIK GAS 2007-2011;Tidak ada
INDEKS HARGA KONSUMEN KOTA MANADO 2012;Tidak ada
STATISTIK KONSTRUKSI 2002;Tidak ada
INDIKATOR INDUSTRI BESAR DAN SEDANG PROVINSI SULAWESI TENGGARA 2014;Tidak ada
STATISTIK KECAMATAN KABARUAN 2014;Tidak ada
BULETIN STATISTIK PERDAGANGAN LUAR NEGERI EKSPOR (MENURUT KELOMPOK KOMODITI DAN NEGARA) AGUSTUS 2016;Tidak ada
BULETIN STATISTIK PERDAGANGAN LUAR NEGERI EKSPOR (MENURUT KELOMPOK KOMODITI DAN NEGARA) NOVEMBER 2016;Tidak ada
STATISTIK STRUKTUR UPAH 2010-2011;Tidak ada
STATISTIK POTENSI DESA PROVINSI SULAWESI UTARA 2003;Tidak ada
STATISTIK LISTRIK 2007-2011;Tidak ada
STATISTIK STRUKTUR UPAH 2010-2011;Tidak ada
BULETIN STATISTIK PERDAGANGAN LUAR NEGERI EKSPOR (MENURUT KELOMPOK KOMODITI DAN NEGARA) AGUSTUS 2016;Tidak ada
STATISTIK STRUKTUR UPAH 2010-2011;Tidak ada
STATISTIK STRUKTUR UPAH 2011-2012;Tidak ada
STATISTIK TEBU INDONESIA 2012;Tidak ada
PERKEMBANGAN MINGGUAN HARGA ECERAN BEBERAPA JENIS BAHAN POKOK DI IBUKOTA PROVINSI SELURUH INDONESIA 2016 (JULI-DESEMBER);Tidak ada
PRODUK DOMESTIK REGIONAL BRUTO KABUPATEN MINAHASA MENURUT PENGELUARAN 2015-2019;Tidak ada
PRODUK DOMESTIK REGIONAL BRUTO KOTA MANADO MENURUT PENGELUARAN 2016 - 2020;Tidak ada
PENGELUARAN KONSUMSI PENDUDUK PROVINSI SULAWESI UTARA 2019;Tidak ada
PENGELUARAN UNTUK KONSUMSI PENDUDUK INDONESIA (BUKU I) MARET 2019;Tidak ada
STATISTIK INDONESIA 2001;Tidak ada
PRODUK DOMESTIK REGIONAL BRUTO KOTA KOTAMOBAGU MENURUT PENGELUARAN 2010-2014;Tidak ada
PRODUK DOMESTIK REGIONAL BRUTO (PDRB) KABUPATEN MINAHASA SELATAN MENURUT LAPANGAN USAHA 2000-2011;Tidak ada
PRODUK DOMESTIK REGIONAL BRUTO KOTA MANADO MENURUT LAPANGAN USAHA 2010-2014;Tidak ada
STATISTIK GAS 2007-2011;Tidak ada
INDIKATOR KONSTRUKSI 2004;Tidak ada
INDEKS HARGA KONSUMEN KOTA MANADO 2010;Tidak ada
STATISTIK DAERAH KECAMATAN KAWANGKOAN BARAT 2014;Tidak ada
STATISTIK KUNJUNGAN TAMU ASING PROVINSI SULAWESI UTARA 2010;Tidak ada
STATISTIK KONSTRUKSI 2008;Tidak ada
STATISTIK PERTAMBANGAN MINYAK DAN GAS BUMI 2005-2009;Tidak ada
STATISTIK PERTAMBANGAN MINYAK DAN GAS BUMI 2005-2009;Tidak ada
BULETIN STATISTIK PERDAGANGAN LUAR NEGERI EKSPOR (MENURUT KELOMPOK KOMODITI DAN NEGARA) SEPTEMBER 2016;Tidak ada
STATISTIK PERUMAHAN PROVINSI SULAWESI UTARA (HASIL SENSUS PENDUDUK 2010);Tidak ada
SENSUS EKONOMI 2006: PEDOMAN PENCACAH DAN PENGAWAS/PEMERIKSA SE06-UMB INDUSTRI BULANAN, SENSUS SAMPEL BUKU 7;Tidak ada
INDIKATOR INDUSTRI BESAR DAN SEDANG PROVINSI SULAWESI TENGGARA 2014;Tidak ada
STATISTIK KECAMATAN LIRUNG 2014;Tidak ada
STATISTIK DAERAH KECAMATAN KAWANGKOAN UTARA 2014;Tidak ada
STATISTIK KECAMATAN MIANGAS 2014;Tidak ada
STATISTIK KECAMATAN MORONGE 2014;Tidak ada
PRODUK DOMESTIK REGIONAL BRUTO (PDRB) MENURUT LAPANGAN USAHA KABUPATEN MINAHASA UTARA 2007-2012;Tidak ada
BEO SELATAN DALAM ANGKA 2014;Tidak ada
BULETIN STATISTIK PERDAGANGAN LUAR NEGERI EKSPOR (MENURUT KELOMPOK KOMODITI DAN NEGARA) AGUSTUS 2016;Tidak ada
STATISTIK KECAMATAN SALIBABU 2014;Tidak ada
PENDAPATAN REGIONAL PROVINSI DAN DAERAH TINGKAT II SULAWESI UTARA 1983-1987;1
STATISTIK STRUKTUR UPAH 2010-2011;Tidak ada
STATISTIK POTENSI DESA PROVINSI SULAWESI UTARA 2003;Tidak ada
STATISTIK GAS 2007-2011;Tidak ada
INDEKS HARGA KONSUMEN KOTA MANADO 2012;1
STATISTIK KONSTRUKSI 2002;Tidak ada
INDIKATOR INDUSTRI BESAR DAN SEDANG PROVINSI SULAWESI TENGGARA 2014;Tidak ada
STATISTIK KECAMATAN KABARUAN 2014;Tidak ada
STATISTIK DAERAH KECAMATAN KAWANGKOAN BARAT 2014;Tidak ada
STATISTIK KUNJUNGAN TAMU ASING PROVINSI SULAWESI UTARA 2010;Tidak ada
STATISTIK KONSTRUKSI 2008;Tidak ada
STATISTIK PERTAMBANGAN MINYAK DAN GAS BUMI 2005-2009;Tidak ada
STATISTIK PERTAMBANGAN MINYAK DAN GAS BUMI 2005-2009;Tidak ada
BULETIN STATISTIK PERDAGANGAN LUAR NEGERI EKSPOR (MENURUT KELOMPOK KOMODITI DAN NEGARA) SEPTEMBER 2016;Tidak ada
STATISTIK PERUMAHAN PROVINSI SULAWESI UTARA (HASIL SENSUS PENDUDUK 2010);Tidak ada
SENSUS EKONOMI 2006: PEDOMAN PENCACAH DAN PENGAWAS/PEMERIKSA SE06-UMB INDUSTRI BULANAN, SENSUS SAMPEL BUKU 7;Tidak ada
INDIKATOR INDUSTRI BESAR DAN SEDANG PROVINSI SULAWESI TENGGARA 2014;Tidak ada
STATISTIK KECAMATAN LIRUNG 2014;Tidak ada
STATISTIK DAERAH KECAMATAN KAWANGKOAN UTARA 2014;Tidak ada
STATISTIK KECAMATAN MIANGAS 2014;Tidak ada
STATISTIK KECAMATAN MORONGE 2014;Tidak ada
PRODUK DOMESTIK REGIONAL BRUTO (PDRB) MENURUT LAPANGAN USAHA KABUPATEN MINAHASA UTARA 2007-2012;Tidak ada
BEO SELATAN DALAM ANGKA 2014;Tidak ada
BULETIN STATISTIK PERDAGANGAN LUAR NEGERI EKSPOR (MENURUT KELOMPOK KOMODITI DAN NEGARA) AGUSTUS 2016;Tidak ada
STATISTIK KECAMATAN SALIBABU 2014;Tidak ada
PENDAPATAN REGIONAL PROVINSI DAN DAERAH TINGKAT II SULAWESI UTARA 1983-1987;Tidak ada
STATISTIK STRUKTUR UPAH 2010-2011;Tidak ada
STATISTIK POTENSI DESA PROVINSI SULAWESI UTARA 2003;Tidak ada
STATISTIK GAS 2007-2011;Tidak ada
INDEKS HARGA KONSUMEN KOTA MANADO 2012;Tidak ada
STATISTIK KONSTRUKSI 2002;Tidak ada
INDIKATOR INDUSTRI BESAR DAN SEDANG PROVINSI SULAWESI TENGGARA 2014;Tidak ada
STATISTIK KECAMATAN KABARUAN 2014;Tidak ada
BULETIN STATISTIK PERDAGANGAN LUAR NEGERI EKSPOR (MENURUT KELOMPOK KOMODITI DAN NEGARA) AGUSTUS 2016;Tidak ada
BULETIN STATISTIK PERDAGANGAN LUAR NEGERI EKSPOR (MENURUT KELOMPOK KOMODITI DAN NEGARA) NOVEMBER 2016;Tidak ada
STATISTIK STRUKTUR UPAH 2010-2011;Tidak ada
STATISTIK POTENSI DESA PROVINSI SULAWESI UTARA 2003;Tidak ada
STATISTIK LISTRIK 2007-2011;1
STATISTIK STRUKTUR UPAH 2010-2011;Tidak ada
BULETIN STATISTIK PERDAGANGAN LUAR NEGERI EKSPOR (MENURUT KELOMPOK KOMODITI DAN NEGARA) AGUSTUS 2016;Tidak ada
STATISTIK STRUKTUR UPAH 2010-2011;Tidak ada
STATISTIK STRUKTUR UPAH 2011-2012;1
STATISTIK TEBU INDONESIA 2012;Tidak ada
PERKEMBANGAN MINGGUAN HARGA ECERAN BEBERAPA JENIS BAHAN POKOK DI IBUKOTA PROVINSI SELURUH INDONESIA 2016 (JULI-DESEMBER);1
PRODUK DOMESTIK REGIONAL BRUTO KABUPATEN MINAHASA MENURUT PENGELUARAN 2015-2019;Tidak ada
PRODUK DOMESTIK REGIONAL BRUTO KOTA MANADO MENURUT PENGELUARAN 2016 - 2020;2
PRODUK DOMESTIK REGIONAL BRUTO KOTA MANADO MENURUT PENGELUARAN 2016 - 2020;Tidak ada
PENGELUARAN KONSUMSI PENDUDUK PROVINSI SULAWESI UTARA 2019;Tidak ada
PENGELUARAN UNTUK KONSUMSI PENDUDUK INDONESIA (BUKU I) MARET 2019;Tidak ada
STATISTIK INDONESIA 2001;Tidak ada
PRODUK DOMESTIK REGIONAL BRUTO KOTA KOTAMOBAGU MENURUT PENGELUARAN 2010-2014;Tidak ada
PRODUK DOMESTIK REGIONAL BRUTO (PDRB) KABUPATEN MINAHASA SELATAN MENURUT LAPANGAN USAHA 2000-2011;1
PRODUK DOMESTIK REGIONAL BRUTO KOTA MANADO MENURUT LAPANGAN USAHA 2010-2014;2
PRODUK DOMESTIK REGIONAL BRUTO KOTA MANADO MENURUT PENGELUARAN 2016 - 2020;Tidak ada
PENGELUARAN KONSUMSI PENDUDUK PROVINSI SULAWESI UTARA 2019;Tidak ada
PENGELUARAN UNTUK KONSUMSI PENDUDUK INDONESIA (BUKU I) MARET 2019;Tidak ada
STATISTIK INDONESIA 2001;Tidak ada
PRODUK DOMESTIK REGIONAL BRUTO KOTA KOTAMOBAGU MENURUT PENGELUARAN 2010-2014;Tidak ada
PRODUK DOMESTIK REGIONAL BRUTO (PDRB) KABUPATEN MINAHASA SELATAN MENURUT LAPANGAN USAHA 2000-2011;Tidak ada
PRODUK DOMESTIK REGIONAL BRUTO KOTA MANADO MENURUT LAPANGAN USAHA 2010-2014;Tidak ada
STATISTIK DAERAH KECAMATAN DAMAU 2014;1
KEADAAN PEKERJA DI INDONESIA AGUSTUS 2016;Tidak ada
DIAGRAM TIMBANG INDEKS HARGA KONSUMEN (IHK) - BUKU 3 2012;Tidak ada
PRODUKSI PERIKANAN LAUT YANG DIJUAL DI TEMPAT PELELANGAN IKAN 2016;1
PRODUK DOMESTIK REGIONAL BRUTO KABUPATEN MINAHASA UTARA MENURUT PENGELUARAN 2015-2019;Tidak ada
PRODUK DOMESTIK REGIONAL BRUTO KOTA TOMOHON MENURUT PENGELUARAN 2015-2019;1
PRODUK DOMESTIK REGIONAL BRUTO KABUPATEN KEPULAUAN TALAUD MENURUT LAPANGAN USAHA 2015-2019;Tidak ada
BULETIN STATISTIK PERDAGANGAN LUAR NEGERI EKSPOR (MENURUT KODE HARMONIZED SYSTEM, HS) FEBRUARI 2016;Tidak ada
INDIKATOR MAKRO SOSIAL EKONOMI PROVINSI SULAWESI UTARA TRIWULAN IV 2020;1
PRODUK DOMESTIK REGIONAL BRUTO KOTA MANADO MENURUT LAPANGAN USAHA 2016 - 2020;Tidak ada
STATISTIK UPAH 2013;Tidak ada
STATISTIK SOLUS PER AQUA (SPA) 2014;Tidak ada
STATISTIK SOLUS PER AQUA (SPA) 2014;Tidak ada
TINJAUAN EKONOMI REGIONAL PROVINSI SULAWESI UTARA 2020;1
STATISTIK PERDAGANGAN LUAR NEGERI PROVINSI SULAWESI UTARA TAHUN 2020;Tidak ada
ANALISA KOMODITI EKSPOR 2005-2011;Tidak ada
KABUPATEN BOLAANG MONGONDOW TIMUR DALAM ANGKA 2021;1
PETA TEMATIK PENDATAAN USAHA TANI 2009 KOMODITAS PADI 2009;Tidak ada
INDEKS PEMBANGUNAN MANUSIA (IPM) 2012;Tidak ada
DIREKTORI PERUSAHAAN KOPERASI, HASIL SENSUS EKONOMI 2006, BUKU 1;1
PERUSAHAAN DI INDONESIA HASIL SENSUS EKONOMI 2006;Tidak ada
PERUSAHAAN DI INDONESIA HASIL SENSUS EKONOMI 2006;Tidak ada
INDEKS HARGA PERDAGANGAN BESAR (IHPB) INDONESIA (2010=100) 2013;Tidak ada
BULETIN STATISTIK PERDAGANGAN LUAR NEGERI EKSPOR (MENURUT KELOMPOK KOMODITI DAN NEGARA) DESEMBER 2016;Tidak ada
BULETIN STATISTIK PERDAGANGAN LUAR NEGERI EKSPOR (MENURUT KELOMPOK KOMODITI DAN NEGARA) OKTOBER 2016;1
BULETIN STATISTIK PERDAGANGAN LUAR NEGERI EKSPOR (MENURUT KELOMPOK KOMODITI DAN NEGARA) OKTOBER 2016;Tidak ada
BULETIN STATISTIK PERDAGANGAN LUAR NEGERI EKSPOR (MENURUT KELOMPOK KOMODITI DAN NEGARA) AGUSTUS 2016;Tidak ada
STATISTIK UPAH 2013;Tidak ada
STATISTIK SOLUS PER AQUA (SPA) 2014;Tidak ada
STATISTIK SOLUS PER AQUA (SPA) 2014;Tidak ada
TINJAUAN EKONOMI REGIONAL PROVINSI SULAWESI UTARA 2020;Tidak ada
STATISTIK UPAH 2013;Tidak ada
STATISTIK SOLUS PER AQUA (SPA) 2014;Tidak ada
STATISTIK SOLUS PER AQUA (SPA) 2014;Tidak ada
TINJAUAN EKONOMI REGIONAL PROVINSI SULAWESI UTARA 2020;Tidak ada
STATISTIK PERDAGANGAN LUAR NEGERI PROVINSI SULAWESI UTARA TAHUN 2020;Tidak ada
ANALISA KOMODITI EKSPOR 2005-2011;Tidak ada
KABUPATEN BOLAANG MONGONDOW TIMUR DALAM ANGKA 2021;Tidak ada
INDEKS PEMBANGUNAN MANUSIA (IPM) 2012;Tidak ada
PETA TEMATIK PENDATAAN USAHA TANI 2009 KOMODITAS PADI 2009;Tidak ada
DIREKTORI PERUSAHAAN KOPERASI, HASIL SENSUS EKONOMI 2006, BUKU 1;Tidak ada
PERUSAHAAN DI INDONESIA HASIL SENSUS EKONOMI 2006;Tidak ada
PERUSAHAAN DI INDONESIA HASIL SENSUS EKONOMI 2006;Tidak ada
INDEKS HARGA PERDAGANGAN BESAR (IHPB) INDONESIA (2010=100) 2013;Tidak ada
BULETIN STATISTIK PERDAGANGAN LUAR NEGERI EKSPOR (MENURUT KELOMPOK KOMODITI DAN NEGARA) DESEMBER 2016;Tidak ada
BULETIN STATISTIK PERDAGANGAN LUAR NEGERI EKSPOR (MENURUT KELOMPOK KOMODITI DAN NEGARA) OKTOBER 2016;Tidak ada
BULETIN STATISTIK PERDAGANGAN LUAR NEGERI EKSPOR (MENURUT KELOMPOK KOMODITI DAN NEGARA) OKTOBER 2016;1
BULETIN STATISTIK PERDAGANGAN LUAR NEGERI EKSPOR (MENURUT KELOMPOK KOMODITI DAN NEGARA) AGUSTUS 2016;Tidak ada
HASIL SENSUS PENDUDUK 2010 DATA AGREGAT PER KABUPATEN/KOTA PROVINSI JAWA TIMUR;Tidak ada
PETA TEMATIK PENDATAAN USAHA TANI 2009 KOMODITAS PADI 2009;Tidak ada
DIREKTORI PERUSAHAAN KOPERASI, HASIL SENSUS EKONOMI 2006, BUKU 1;Tidak ada
PERUSAHAAN DI INDONESIA HASIL SENSUS EKONOMI 2006;Tidak ada
PERUSAHAAN DI INDONESIA HASIL SENSUS EKONOMI 2006;Tidak ada
INDEKS HARGA PERDAGANGAN BESAR (IHPB) INDONESIA (2010=100) 2013;Tidak ada
BULETIN STATISTIK PERDAGANGAN LUAR NEGERI EKSPOR (MENURUT KELOMPOK KOMODITI DAN NEGARA) DESEMBER 2016;Tidak ada
BULETIN STATISTIK PERDAGANGAN LUAR NEGERI EKSPOR (MENURUT KELOMPOK KOMODITI DAN NEGARA) OKTOBER 2016;Tidak ada
BULETIN STATISTIK PERDAGANGAN LUAR NEGERI EKSPOR (MENURUT KELOMPOK KOMODITI DAN NEGARA) OKTOBER 2016;Tidak ada
BULETIN STATISTIK PERDAGANGAN LUAR NEGERI EKSPOR (MENURUT KELOMPOK KOMODITI DAN NEGARA) AGUSTUS 2016;Tidak ada
HASIL SENSUS PENDUDUK 2010 DATA AGREGAT PER KABUPATEN/KOTA PROVINSI JAWA TIMUR;Tidak ada
PRODUK DOMESTIK REGIONAL BRUTO KOTA MANADO MENURUT PENGELUARAN 2013-2017;Tidak ada
HASIL SENSUS PENDUDUK 2010 DATA AGREGAT PER KABUPATEN/KOTA PROVINSI JAWA TIMUR;Tidak ada
PETA TEMATIK PENDATAAN USAHA TANI 2009 KOMODITAS PADI 2009;Tidak ada
DIREKTORI PERUSAHAAN KOPERASI, HASIL SENSUS EKONOMI 2006, BUKU 1;Tidak ada
PERUSAHAAN DI INDONESIA HASIL SENSUS EKONOMI 2006;Tidak ada
PERUSAHAAN DI INDONESIA HASIL SENSUS EKONOMI 2006;Tidak ada
INDEKS HARGA PERDAGANGAN BESAR (IHPB) INDONESIA (2010=100) 2013;Tidak ada
BULETIN STATISTIK PERDAGANGAN LUAR NEGERI EKSPOR (MENURUT KELOMPOK KOMODITI DAN NEGARA) DESEMBER 2016;Tidak ada
BULETIN STATISTIK PERDAGANGAN LUAR NEGERI EKSPOR (MENURUT KELOMPOK KOMODITI DAN NEGARA) OKTOBER 2016;Tidak ada
BULETIN STATISTIK PERDAGANGAN LUAR NEGERI EKSPOR (MENURUT KELOMPOK KOMODITI DAN NEGARA) OKTOBER 2016;Tidak ada
BULETIN STATISTIK PERDAGANGAN LUAR NEGERI EKSPOR (MENURUT KELOMPOK KOMODITI DAN NEGARA) AGUSTUS 2016;Tidak ada
HASIL SENSUS PENDUDUK 2010 DATA AGREGAT PER KABUPATEN/KOTA PROVINSI JAWA TIMUR;Tidak ada
PRODUK DOMESTIK REGIONAL BRUTO KOTA MANADO MENURUT PENGELUARAN 2013-2017;Tidak ada
TINJAUAN REGIONAL BERDASARKAN PDRB KABUPATEN/KOTA 2009-2012 - BUKU 3 PULAU KALIMANTAN;Tidak ada
TINJAUAN REGIONAL BERDASARKAN PDRB KABUPATEN/KOTA 2009-2012 - BUKU 1 PULAU SUMATERA;1
TINJAUAN REGIONAL BERDASARKAN PDRB KABUPATEN/KOTA 2009-2012 - BUKU 4 PULAU SULAWESI;Tidak ada
SENSUS PERTANIAN 2013 HASIL PENCACAHAN LENGKAP PROVINSI BANTEN;Tidak ada
HASIL SENSUS PENDUDUK 2010 DATA AGREGAT PER KABUPATEN/KOTA PROVINSI JAWA TIMUR;Tidak ada
PETA TEMATIK PENDATAAN USAHA TANI 2009 KOMODITAS PADI 2009;Tidak ada
DIREKTORI PERUSAHAAN KOPERASI, HASIL SENSUS EKONOMI 2006, BUKU 1;Tidak ada
PERUSAHAAN DI INDONESIA HASIL SENSUS EKONOMI 2006;Tidak ada
PERUSAHAAN DI INDONESIA HASIL SENSUS EKONOMI 2006;Tidak ada
INDEKS HARGA PERDAGANGAN BESAR (IHPB) INDONESIA (2010=100) 2013;Tidak ada
BULETIN STATISTIK PERDAGANGAN LUAR NEGERI EKSPOR (MENURUT KELOMPOK KOMODITI DAN NEGARA) DESEMBER 2016;Tidak ada
BULETIN STATISTIK PERDAGANGAN LUAR NEGERI EKSPOR (MENURUT KELOMPOK KOMODITI DAN NEGARA) OKTOBER 2016;Tidak ada
BULETIN STATISTIK PERDAGANGAN LUAR NEGERI EKSPOR (MENURUT KELOMPOK KOMODITI DAN NEGARA) OKTOBER 2016;Tidak ada
BULETIN STATISTIK PERDAGANGAN LUAR NEGERI EKSPOR (MENURUT KELOMPOK KOMODITI DAN NEGARA) AGUSTUS 2016;Tidak ada
HASIL SENSUS PENDUDUK 2010 DATA AGREGAT PER KABUPATEN/KOTA PROVINSI JAWA TIMUR;Tidak ada
PRODUK DOMESTIK REGIONAL BRUTO KOTA MANADO MENURUT PENGELUARAN 2013-2017;Tidak ada
TINJAUAN REGIONAL BERDASARKAN PDRB KABUPATEN/KOTA 2009-2012 - BUKU 3 PULAU KALIMANTAN;Tidak ada
TINJAUAN REGIONAL BERDASARKAN PDRB KABUPATEN/KOTA 2009-2012 - BUKU 1 PULAU SUMATERA;Tidak ada
TINJAUAN REGIONAL BERDASARKAN PDRB KABUPATEN/KOTA 2009-2012 - BUKU 4 PULAU SULAWESI;1
SENSUS PERTANIAN 2013 HASIL PENCACAHAN LENGKAP PROVINSI BANTEN;1
TINJAUAN REGIONAL BERDASARKAN PDRB KABUPATEN/KOTA 2009-2012 - BUKU 4 PULAU SULAWESI;Tidak ada
SENSUS PERTANIAN 2013 HASIL PENCACAHAN LENGKAP PROVINSI BANTEN;Tidak ada
TINJAUAN REGIONAL BERDASARKAN PDRB KABUPATEN/KOTA 2010-2014 - BUKU 2 PULAU JAWA DAN BALI;Tidak ada
TINJAUAN REGIONAL BERDASARKAN PDRB KABUPATEN/KOTA 2009-2012 - BUKU 4 PULAU SULAWESI;Tidak ada
SENSUS PERTANIAN 2013 HASIL PENCACAHAN LENGKAP PROVINSI BANTEN;Tidak ada
TINJAUAN REGIONAL BERDASARKAN PDRB KABUPATEN/KOTA 2010-2014 - BUKU 2 PULAU JAWA DAN BALI;Tidak ada
TINJAUAN REGIONAL BERDASARKAN PDRB KABUPATEN/KOTA 2009-2012 - BUKU 4 PULAU SULAWESI;Tidak ada
SENSUS PERTANIAN 2013 HASIL PENCACAHAN LENGKAP PROVINSI BANTEN;Tidak ada
TINJAUAN REGIONAL BERDASARKAN PDRB KABUPATEN/KOTA 2010-2014 - BUKU 2 PULAU JAWA DAN BALI;Tidak ada
TINJAUAN REGIONAL BERDASARKAN PDRB KABUPATEN/KOTA 2009-2012 - BUKU 4 PULAU SULAWESI;Tidak ada
SENSUS PERTANIAN 2013 HASIL PENCACAHAN LENGKAP PROVINSI BANTEN;Tidak ada
TINJAUAN REGIONAL BERDASARKAN PDRB KABUPATEN/KOTA 2010-2014 - BUKU 2 PULAU JAWA DAN BALI;Tidak ada
KISAH PERJALANAN HIDUP HILMAN BAWONO KSK DULUPI BOALEMO GORONTALO;Tidak ada
KISAH PERJALANAN HIDUP HILMAN BAWONO KSK DULUPI BOALEMO GORONTALO;Tidak ada
TINJAUAN EKONOMI REGIONAL INDONESIA PROVINSI SULAWESI UTARA 2017;Tidak ada
TINJAUAN EKONOMI REGIONAL SULAWESI UTARA 2014;Tidak ada
TINJAUAN REGIONAL BERDASARKAN PDRB KABUPATEN/KOTA 2009-2012 - BUKU 5 PULAU NUSA TENGGARA, MALUKU DAN PAPUA;Tidak ada
PRODUK DOMESTIK REGIONAL BRUTO KABUPATEN/KOTA DI INDONESIA 2012-2016;Tidak ada
TINJAUAN EKONOMI REGIONAL INDONESIA PROVINSI SULAWESI UTARA 2017;Tidak ada
TINJAUAN EKONOMI REGIONAL SULAWESI UTARA 2014;Tidak ada
TINJAUAN REGIONAL BERDASARKAN PDRB KABUPATEN/KOTA 2009-2012 - BUKU 5 PULAU NUSA TENGGARA, MALUKU DAN PAPUA;Tidak ada
PRODUK DOMESTIK REGIONAL BRUTO KABUPATEN/KOTA DI INDONESIA 2012-2016;Tidak ada
TINJAUAN REGIONAL BERDASARKAN PDRB KABUPATEN/KOTA 2010-2014 - BUKU 1 PULAU SUMATERA;Tidak ada
TINJAUAN EKONOMI REGIONAL INDONESIA PROVINSI SULAWESI UTARA 2017;Tidak ada
TINJAUAN EKONOMI REGIONAL SULAWESI UTARA 2014;Tidak ada
TINJAUAN REGIONAL BERDASARKAN PDRB KABUPATEN/KOTA 2009-2012 - BUKU 5 PULAU NUSA TENGGARA, MALUKU DAN PAPUA;Tidak ada
PRODUK DOMESTIK REGIONAL BRUTO KABUPATEN/KOTA DI INDONESIA 2012-2016;Tidak ada
TINJAUAN REGIONAL BERDASARKAN PDRB KABUPATEN/KOTA 2010-2014 - BUKU 1 PULAU SUMATERA;Tidak ada
HASIL SENSUS PENDUDUK 2010 DATA AGREGAT PER KABUPATEN/KOTA PROVINSI SULAWESI TENGGARA;Tidak ada
TINJAUAN EKONOMI REGIONAL INDONESIA PROVINSI SULAWESI UTARA 2017;Tidak ada;Tidak ada
TINJAUAN EKONOMI REGIONAL SULAWESI UTARA 2014;Tidak ada;Tidak ada
TINJAUAN REGIONAL BERDASARKAN PDRB KABUPATEN/KOTA 2009-2012 - BUKU 5 PULAU NUSA TENGGARA, MALUKU DAN PAPUA;Tidak ada;Tidak ada
PRODUK DOMESTIK REGIONAL BRUTO KABUPATEN/KOTA DI INDONESIA 2012-2016;Tidak ada;Tidak ada
TINJAUAN REGIONAL BERDASARKAN PDRB KABUPATEN/KOTA 2010-2014 - BUKU 1 PULAU SUMATERA;Tidak ada;Tidak ada
HASIL SENSUS PENDUDUK 2010 DATA AGREGAT PER KABUPATEN/KOTA PROVINSI SULAWESI TENGGARA;Tidak ada;Tidak ada
TINJAUAN EKONOMI REGIONAL INDONESIA PROVINSI SULAWESI UTARA 2017;Tidak ada;1
TINJAUAN EKONOMI REGIONAL SULAWESI UTARA 2014;Tidak ada;1
TINJAUAN REGIONAL BERDASARKAN PDRB KABUPATEN/KOTA 2009-2012 - BUKU 5 PULAU NUSA TENGGARA, MALUKU DAN PAPUA;Tidak ada;1
PRODUK DOMESTIK REGIONAL BRUTO KABUPATEN/KOTA DI INDONESIA 2012-2016;Tidak ada;1
TINJAUAN REGIONAL BERDASARKAN PDRB KABUPATEN/KOTA 2010-2014 - BUKU 1 PULAU SUMATERA;Tidak ada;1
HASIL SENSUS PENDUDUK 2010 DATA AGREGAT PER KABUPATEN/KOTA PROVINSI SULAWESI TENGGARA;Tidak ada;1
TINJAUAN REGIONAL BERDASARKAN PDRB KABUPATEN/KOTA 2010-2013 - BUKU 2 PULAU JAWA-BALI;Tidak ada;1
TINJAUAN REGIONAL BERDASARKAN PDRB KABUPATEN/KOTA 2010-2014 - BUKU 4 PULAU SULAWESI;1;1
HASIL PENCACAHAN SURVEI PENDAPATAN RUMAH TANGGA USAHA PERTANIAN (SPP2013) PROVINSI SULAWESI TENGGARA;Tidak ada;1
TINJAUAN EKONOMI REGIONAL INDONESIA PROVINSI SULAWESI UTARA 2017;Tidak ada;1
TINJAUAN EKONOMI REGIONAL SULAWESI UTARA 2014;Tidak ada;1
TINJAUAN REGIONAL BERDASARKAN PDRB KABUPATEN/KOTA 2009-2012 - BUKU 5 PULAU NUSA TENGGARA, MALUKU DAN PAPUA;Tidak ada;1
PRODUK DOMESTIK REGIONAL BRUTO KABUPATEN/KOTA DI INDONESIA 2012-2016;Tidak ada;1
TINJAUAN REGIONAL BERDASARKAN PDRB KABUPATEN/KOTA 2010-2014 - BUKU 1 PULAU SUMATERA;Tidak ada;1
HASIL SENSUS PENDUDUK 2010 DATA AGREGAT PER KABUPATEN/KOTA PROVINSI SULAWESI TENGGARA;Tidak ada;1
TINJAUAN REGIONAL BERDASARKAN PDRB KABUPATEN/KOTA 2010-2013 - BUKU 2 PULAU JAWA-BALI;Tidak ada;1
TINJAUAN REGIONAL BERDASARKAN PDRB KABUPATEN/KOTA 2010-2014 - BUKU 4 PULAU SULAWESI;Tidak ada;1
HASIL PENCACAHAN SURVEI PENDAPATAN RUMAH TANGGA USAHA PERTANIAN (SPP2013) PROVINSI SULAWESI TENGGARA;Tidak ada;1
TINJAUAN EKONOMI REGIONAL INDONESIA PROVINSI SULAWESI UTARA 2017;Tidak ada;1
TINJAUAN EKONOMI REGIONAL SULAWESI UTARA 2014;Tidak ada;1
TINJAUAN REGIONAL BERDASARKAN PDRB KABUPATEN/KOTA 2009-2012 - BUKU 5 PULAU NUSA TENGGARA, MALUKU DAN PAPUA;Tidak ada;1
PRODUK DOMESTIK REGIONAL BRUTO KABUPATEN/KOTA DI INDONESIA 2012-2016;Tidak ada;1
TINJAUAN REGIONAL BERDASARKAN PDRB KABUPATEN/KOTA 2010-2014 - BUKU 1 PULAU SUMATERA;Tidak ada;1
HASIL SENSUS PENDUDUK 2010 DATA AGREGAT PER KABUPATEN/KOTA PROVINSI SULAWESI TENGGARA;Tidak ada;1
TINJAUAN REGIONAL BERDASARKAN PDRB KABUPATEN/KOTA 2010-2013 - BUKU 2 PULAU JAWA-BALI;Tidak ada;1
TINJAUAN REGIONAL BERDASARKAN PDRB KABUPATEN/KOTA 2010-2014 - BUKU 4 PULAU SULAWESI;Tidak ada;1
HASIL PENCACAHAN SURVEI PENDAPATAN RUMAH TANGGA USAHA PERTANIAN (SPP2013) PROVINSI SULAWESI TENGGARA;Tidak ada;1
TINJAUAN EKONOMI REGIONAL INDONESIA PROVINSI SULAWESI UTARA 2017;Tidak ada;0 eksemplar
TINJAUAN EKONOMI REGIONAL SULAWESI UTARA 2014;Tidak ada;1 eksemplar1
TINJAUAN REGIONAL BERDASARKAN PDRB KABUPATEN/KOTA 2009-2012 - BUKU 5 PULAU NUSA TENGGARA, MALUKU DAN PAPUA;Tidak ada;0 eksemplar1
PRODUK DOMESTIK REGIONAL BRUTO KABUPATEN/KOTA DI INDONESIA 2012-2016;Tidak ada;0 eksemplar1
TINJAUAN REGIONAL BERDASARKAN PDRB KABUPATEN/KOTA 2010-2014 - BUKU 1 PULAU SUMATERA;Tidak ada;0 eksemplar1
HASIL SENSUS PENDUDUK 2010 DATA AGREGAT PER KABUPATEN/KOTA PROVINSI SULAWESI TENGGARA;Tidak ada;0 eksemplar1
TINJAUAN REGIONAL BERDASARKAN PDRB KABUPATEN/KOTA 2010-2013 - BUKU 2 PULAU JAWA-BALI;Tidak ada;0 eksemplar1
TINJAUAN REGIONAL BERDASARKAN PDRB KABUPATEN/KOTA 2010-2014 - BUKU 4 PULAU SULAWESI;Tidak ada;1 eksemplar3
HASIL PENCACAHAN SURVEI PENDAPATAN RUMAH TANGGA USAHA PERTANIAN (SPP2013) PROVINSI SULAWESI TENGGARA;Tidak ada;0 eksemplar3
TINJAUAN REGIONAL BERDASARKAN PDRB KABUPATEN/KOTA 2010-2014 - BUKU 3 PULAU KALIMANTAN;Tidak ada;3 eksemplar2
HASIL SENSUS PENDUDUK 2010 DATA AGREGAT PER KABUPATEN/KOTA PROVINSI BALI;Tidak ada;0 eksemplar
PRODUK DOMESTIK REGIONAL BRUTO KOTA MANADO MENURUT LAPANGAN USAHA 2014-2018;Tidak ada;2 eksemplar1
TINJAUAN REGIONAL BERDASARKAN PDRB KABUPATEN/KOTA 2010-2013 - BUKU 3 PULAU KALIMANTAN;Tidak ada;1 eksemplar1
TINJAUAN REGIONAL BERDASARKAN PDRB KABUPATEN/KOTA 2010-2013 - BUKU 4 PULAU SULAWESI;Tidak ada;1 eksemplar2
TINJAUAN REGIONAL BERDASARKAN PDRB KABUPATEN/KOTA 2010-2013 - BUKU 5 PULAU NUSA TENGGARA MALUKU DAN PAPUA;Tidak ada;0 eksemplar
STATISTIK INDONESIA 2010;Tidak ada;1 eksemplar1
DATA DAN INFORMASI KEMISKINAN KABUPATEN/KOTA TAHUN 2014;Tidak ada;2 eksemplar1
BULETIN STATISTIK PERDAGANGAN LUAR NEGERI EKSPOR (MENURUT KODE HARMONIZED SYSTEM, HS) JUNI 2015;Tidak ada;2 eksemplar1
PRODUK DOMESTIK REGIONAL BRUTO KOTA KOTAMOBAGU MENURUT PENGELUARAN 2015;Tidak ada;1 eksemplar2
STATISTIK LINGKUNGAN HIDUP INDONESIA 2016;Tidak ada;1 eksemplar1
PERKEMBANGAN INDEKS PRODUKSI TRIWULANAN INDUSTRI MIKRO DAN KECIL 2017-2019;Tidak ada;2 eksemplar1
KABUPATEN KEPULAUAN SANGIHE DALAM ANGKA 2017;Tidak ada;3 eksemplar1
STATISTIK POTENSI DESA PROVINSI SULAWESI UTARA 2003;Tidak ada;0 eksemplar1
STATISTIK KELAPA SAWIT INDONESIA 2012;Tidak ada;0 eksemplar1
STATISTIK TEBU INDONESIA 2015;Tidak ada;0 eksemplar1
SENSUS EKONOMI 2016 ANALISIS HASIL LISTING POTENSI EKONOMI KABUPATEN KEPULAUAN TALAUD;Tidak ada;3 eksemplar1
STATISTIK KELAPA SAWIT INDONESIA 2011;Tidak ada;1 eksemplar1
STATISTIK KELAPA SAWIT INDONESIA 2011;Tidak ada;0 eksemplar
SENSUS PENDUDUK 2010: GLADI BERSIH PEDOMAN KOORDINATOR SENSUS KECAMATAN (KSK)/KOORDINATOR LAPANGAN (KORLAP) BUKU 4;Tidak ada;0 eksemplar
PRODUK DOMESTIK REGIONAL BRUTO MENURUT LAPANGAN USAHA KABUPATEN BOLAANG MONGONDOW TIMUR 2012-2016;Tidak ada;1 eksemplar
TINJAUAN REGIONAL BERDASARKAN PDRB KABUPATEN/KOTA 2012-2016 - BUKU 5 PULAU NUSA TENGGARA, MALUKU, DAN PAPUA;Tidak ada;1 eksemplar1
TINJAUAN REGIONAL BERDASARKAN PDRB KABUPATEN/KOTA 2010-2014 - BUKU 2 PULAU JAWA DAN BALI;Tidak ada;5 eksemplar1
STATISTIK KELAPA SAWIT INDONESIA 2014;Tidak ada;0 eksemplar1
BULETIN STATISTIK PERDAGANGAN LUAR NEGERI EKSPOR (MENURUT KELOMPOK KOMODITI DAN NEGARA) JUNI 2015;1;1 eksemplar1
INDEKS UNIT VALUE EKSPOR MENURUT KODE SITC AGUSTUS 2017;Tidak ada;0 eksemplar1
INDEKS UNIT VALUE EKSPOR MENURUT KODE SITC SEPTEMBER 2017;Tidak ada;0 eksemplar1
STATISTIK TRANSPORTASI LAUT DAN UDARA PROVINSI SULAWESI UTARA 2015;1;1 eksemplar2
KEADAAN ANGKATAN KERJA DI INDONESIA AGUSTUS 2016;1;1 eksemplar4
PROFIL INDUSTRI MIKRO DAN KECIL 2018;1;0 eksemplar13
PEDOMAN INSTRUKTUR NASIONAL (INNAS) DAN INSTRUKTUR DAERAH (INDA) SENSUS PENDUDUK 2010, BUKU 3;Tidak ada;0 eksemplar
PEDOMAN KOORDINATOR TIM (KORTIM) SENSUS PENDUDUK 2010, BUKU 5;Tidak ada;1 eksemplar1
STATISTIK AIR BERSIH 2013-2018;1;2 eksemplar1
HASIL PENCACAHAN SURVEI PENDAPATAN RUMAH TANGGA USAHA PERTANIAN (SPP2013) PROVINSI SULAWESI TENGGARA;Tidak ada;0 eksemplar
STATISTIK INDUSTRI MANUFAKTUR INDONESIA 2017;Tidak ada;1 eksemplar1
PROYEKSI PENDUDUK INDONESIA 2000-2025;Tidak ada;3 eksemplar1
INFRASTRUKTUR DI TINGKAT KABUPATEN/KOTA DAN KECAMATAN BERDASARKAN HASIL PENDATAAN PODES 2008;Tidak ada;1 eksemplar1
INDEKS UNIT VALUE EKSPOR MENURUT KODE SITC DESEMBER 2016;Tidak ada;1 eksemplar1
INDIKATOR EKONOMI MARET 2015;Tidak ada;1 eksemplar2
INDIKATOR EKONOMI FEBRUARI 2015;2;2 eksemplar
DATA DAN INFORMASI KEMISKINAN KABUPATEN/KOTA 2010;1;1 eksemplar
PROYEKSI PENDUDUK INDONESIA 2010-2035;Tidak ada;1 eksemplar1
SURVEI ANGKATAN KERJA NASIONAL BOOKLET AGUSTUS 2019;Tidak ada;1 eksemplar1
STATISTIK KESEJAHTERAAN RAKYAT KOTA MANADO 2017;Tidak ada;3 eksemplar1
STATISTIK LISTRIK 2013-2018;Tidak ada;1 eksemplar1
PANDUAN OPERASIONAL PENGHIMPUNAN DAN PENGELOLAAN METADATA KEGIATAN STATISTIK SEKTORAL/KHUSUS;Tidak ada;1 eksemplar1
TINGKAT KEBAHAGIAAN PENDUDUK SULAWESI UTARA 2014;Tidak ada;4 eksemplar1
INDEKS TENDENSI KONSUMEN PROVINSI SULAWESI UTARA 2011/2012;Tidak ada;3 eksemplar1
BOOKLET SOSIAL KEPENDUDUKAN 2017;Tidak ada;0 eksemplar
DIREKTORI PERUSAHAAN KONSTRUKSI 2019 BUKU I: PULAU SUMATERA, KALIMANTAN, SULAWESI, DAN PAPUA;Tidak ada;1 eksemplar1
DIREKTORI PERUSAHAAN KONSTRUKSI 2015 BUKU II: PULAU JAWA, BALI, NUSA TENGGARA, DAN KEPULAUAN MALUKU;Tidak ada;1 eksemplar1
KABUPATEN BOLAANG MONGONDOW DALAM ANGKA 2018;Tidak ada;1 eksemplar2
PEDOMAN PRAKTIS PENGHITUNGAN PDRB KAB/KOTA BUKU 2 TATACARA PENGHITUNGAN MENURUT LAPANGAN USAHA;Tidak ada;0 eksemplar2
POTENSI PERTANIAN PROVINSI SULAWESI UTARA 2013;Tidak ada;2 eksemplar2
POTENSI PERTANIAN PROVINSI SULAWESI UTARA 2013;Tidak ada;0 eksemplar
PENDUDUK BANGKA BELITUNG HASIL SENSUS PENDUDUK TAHUN 2000 SERI L2.2.9;Tidak ada;0 eksemplar
PENDUDUK SUMATERA BARAT HASIL SENSUS PENDUDUK TAHUN 2000 SERI L2.2.3;Tidak ada;1 eksemplar1
STATISTIK KESEJAHTERAAN RAKYAT KABUPATEN BOLAANG MONGONDOW UTARA TAHUN 2015;1;2 eksemplar
PRODUK DOMESTIK REGIONAL BRUTO MENURUT PENGELUARAN PROVINSI PAPUA BARAT 2010-2014;Tidak ada;2 eksemplar1
STATISTIK INDUSTRI MANUFAKTUR INDONESIA 2015;1;0 eksemplar1
POTENSI PERTANIAN PROVINSI SULAWESI UTARA 2013;Tidak ada;0 eksemplar
PENDUDUK BANGKA BELITUNG HASIL SENSUS PENDUDUK TAHUN 2000 SERI L2.2.9;Tidak ada;0 eksemplar
PENDUDUK SUMATERA BARAT HASIL SENSUS PENDUDUK TAHUN 2000 SERI L2.2.3;Tidak ada;0 eksemplar
POTENSI PERTANIAN PROVINSI SULAWESI UTARA 2013;Tidak ada;0 eksemplar
PENDUDUK BANGKA BELITUNG HASIL SENSUS PENDUDUK TAHUN 2000 SERI L2.2.9;Tidak ada;0 eksemplar
PENDUDUK SUMATERA BARAT HASIL SENSUS PENDUDUK TAHUN 2000 SERI L2.2.3;Tidak ada;0 eksemplar
STATISTIK KESEJAHTERAAN RAKYAT KABUPATEN BOLAANG MONGONDOW UTARA TAHUN 2015;Tidak ada;2 eksemplar1
PRODUK DOMESTIK REGIONAL BRUTO MENURUT PENGELUARAN PROVINSI PAPUA BARAT 2010-2014;Tidak ada;0 eksemplar1
STATISTIK INDUSTRI MANUFAKTUR INDONESIA 2015;Tidak ada;0 eksemplar1
PEDOMAN PENCACAHAN DAN PEMERIKSAAN SURVEI KEBUTUHAN DATA 2016;Tidak ada;0 eksemplar1
PRODUK DOMESTIK REGIONAL BRUTO (PDRB) KOTA MANADO MENURUT PENGELUARAN 2011-2015;Tidak ada;3 eksemplar1
POTENSI PERTANIAN PROVINSI SULAWESI UTARA 2013;Tidak ada;0 eksemplar
PENDUDUK BANGKA BELITUNG HASIL SENSUS PENDUDUK TAHUN 2000 SERI L2.2.9;Tidak ada;0 eksemplar
PENDUDUK SUMATERA BARAT HASIL SENSUS PENDUDUK TAHUN 2000 SERI L2.2.3;Tidak ada;0 eksemplar
STATISTIK KESEJAHTERAAN RAKYAT KABUPATEN BOLAANG MONGONDOW UTARA TAHUN 2015;Tidak ada;1 eksemplar1
PRODUK DOMESTIK REGIONAL BRUTO MENURUT PENGELUARAN PROVINSI PAPUA BARAT 2010-2014;Tidak ada;0 eksemplar1
STATISTIK INDUSTRI MANUFAKTUR INDONESIA 2015;Tidak ada;0 eksemplar1
PEDOMAN PENCACAHAN DAN PEMERIKSAAN SURVEI KEBUTUHAN DATA 2016;Tidak ada;0 eksemplar1
PRODUK DOMESTIK REGIONAL BRUTO (PDRB) KOTA MANADO MENURUT PENGELUARAN 2011-2015;Tidak ada;2 eksemplar2
PRODUK DOMESTIK REGIONAL BRUTO (PDRB) KOTA MANADO MENURUT PENGELUARAN 2011-2015;1;1 eksemplar
POTRET USAHA PERTANIAN PROVINSI LAMPUNG MENURUT SUBSEKTOR (HASIL PENCACAHAN LENGKAP SENSUS PERTANIAN 2013 DAN SURVEI PENDAPATAN RUMAH TANGGA USAHA PERTANIAN 2013);Tidak ada;0 eksemplar
PRODUK DOMESTIK REGIONAL BRUTO (PDRB) KOTA MANADO MENURUT PENGELUARAN 2011-2015;Tidak ada;0 eksemplar
POTRET USAHA PERTANIAN PROVINSI LAMPUNG MENURUT SUBSEKTOR (HASIL PENCACAHAN LENGKAP SENSUS PERTANIAN 2013 DAN SURVEI PENDAPATAN RUMAH TANGGA USAHA PERTANIAN 2013);Tidak ada;0 eksemplar
DATA DAN INFORMASI KEMISKINAN TAHUN 2007;Tidak ada;2 eksemplar1
GAMBARAN SINGKAT POTENSI EKONOMI INDONESIA (HASIL SENSUS EKONOMI 2006);Tidak ada;1 eksemplar1
PRODUK DOMESTIK REGIONAL BRUTO (PDRB) KOTA MANADO MENURUT PENGELUARAN 2011-2015;Tidak ada;0 eksemplar
POTRET USAHA PERTANIAN PROVINSI LAMPUNG MENURUT SUBSEKTOR (HASIL PENCACAHAN LENGKAP SENSUS PERTANIAN 2013 DAN SURVEI PENDAPATAN RUMAH TANGGA USAHA PERTANIAN 2013);Tidak ada;0 eksemplar
DATA DAN INFORMASI KEMISKINAN TAHUN 2007;Tidak ada;2 eksemplar1
GAMBARAN SINGKAT POTENSI EKONOMI INDONESIA (HASIL SENSUS EKONOMI 2006);Tidak ada;0 eksemplar1
STATISTIK DAERAH KECAMATAN MODAYAG BARAT 2016;Tidak ada;0 eksemplar1
NILAI TUKAR PETANI  PROVINSI SULAWESI UTARA TAHUN 2020;Tidak ada;3 eksemplar1
KOTA BITUNG DALAM ANGKA 2022;1;2 eksemplar1
PRODUK DOMESTIK REGIONAL BRUTO KOTA KOTAMOBAGU MENURUT PENGELUARAN 2016 - 2020;1;1 eksemplar1
PRODUK DOMESTIK REGIONAL BRUTO MENURUT LAPANGAN USAHA KOTA KOTAMOBAGU 2016-2020;Tidak ada;1 eksemplar1
PRODUK DOMESTIK REGIONAL BRUTO (PDRB) KOTA MANADO MENURUT PENGELUARAN 2011-2015;Tidak ada;0 eksemplar
POTRET USAHA PERTANIAN PROVINSI LAMPUNG MENURUT SUBSEKTOR (HASIL PENCACAHAN LENGKAP SENSUS PERTANIAN 2013 DAN SURVEI PENDAPATAN RUMAH TANGGA USAHA PERTANIAN 2013);Tidak ada;0 eksemplar
DATA DAN INFORMASI KEMISKINAN TAHUN 2007;Tidak ada;2 eksemplar1
GAMBARAN SINGKAT POTENSI EKONOMI INDONESIA (HASIL SENSUS EKONOMI 2006);Tidak ada;0 eksemplar1
STATISTIK DAERAH KECAMATAN MODAYAG BARAT 2016;Tidak ada;0 eksemplar1
NILAI TUKAR PETANI  PROVINSI SULAWESI UTARA TAHUN 2020;Tidak ada;1 eksemplar3
KOTA BITUNG DALAM ANGKA 2022;Tidak ada;2 eksemplar1
PRODUK DOMESTIK REGIONAL BRUTO KOTA KOTAMOBAGU MENURUT PENGELUARAN 2016 - 2020;Tidak ada;1 eksemplar1
PRODUK DOMESTIK REGIONAL BRUTO MENURUT LAPANGAN USAHA KOTA KOTAMOBAGU 2016-2020;Tidak ada;0 eksemplar1
PRODUK DOMESTIK REGIONAL BRUTO MENURUT LAPANGAN USAHA KABUPATEN BOLAANG MONGONDOW TIMUR 2016-2020;Tidak ada;0 eksemplar1
PRODUK DOMESTIK REGIONAL BRUTO KABUPATEN BOLAANG MONGONDOW TIMUR MENURUT PENGELUARAN 2016 - 2020;Tidak ada;1 eksemplar1
NILAI TUKAR PETANI  PROVINSI SULAWESI UTARA TAHUN 2020;1;1 eksemplar3
STATISTIK WISATAWAN MANCANEGARA PROVINSI SULAWESI UTARA TAHUN 2020;Tidak ada;1 eksemplar3
STATISTIK WISATAWAN MANCANEGARA PROVINSI SULAWESI UTARA TAHUN 2020;Tidak ada;1 eksemplar3
INDEKS HARGA KONSUMEN KOTA MANADO 2021;Tidak ada;1 eksemplar2
PRODUK DOMESTIK REGIONAL BRUTO KABUPATEN/KOTA DI SULAWESI UTARA MENURUT LAPANGAN USAHA 2017-2021;Tidak ada;0 eksemplar2
INDIKATOR TUJUAN PEMBANGUNAN BERKELANJUTAN (TPB) SULAWESI UTARA 2021;Tidak ada;2 eksemplar2
INDIKATOR MAKRO SOSIAL EKONOMI PROVINSI SULAWESI UTARA TRIWULAN IV 2021;Tidak ada;1 eksemplar1
PRODUK DOMESTIK REGIONAL BRUTO KABUPATEN MINAHASA MENURUT PENGELUARAN 2015-2019;Tidak ada;1 eksemplar2
PENYEMPURNAAN METODOLOGI PENGHITUNGAN PENDUDUK MISKIN DAN PROFIL KEMISKINAN 1999;1;2 eksemplar1
MASTER FILE DESA PROVINSI SULAWESI UTARA 2019;Tidak ada;1 eksemplar1
ANALISIS HASIL SURVEI KEBUTUHAN DATA BPS PROVINSI SULAWESI UTARA 2022;Tidak ada;1 eksemplar1
USAHA/PERUSAHAAN SKALA MENENGAH BESAR PREPRINTED 2015 BUKU I;Tidak ada;0 eksemplar
CERDAS, PERUBAHAN POLA PIKIR MENYONGSONG REFORMASI BPS 2012 (BUKU II);1;1 eksemplar
PENGELUARAN UNTUK KONSUMSI PENDUDUK INDONESIA PER PROVINSI (BUKU III) MARET 2014;Tidak ada;1 eksemplar3
PENGELUARAN UNTUK KONSUMSI PENDUDUK INDONESIA PER PROVINSI (BUKU III) SEPTEMBER 2013;Tidak ada;1 eksemplar1
KOTA KOTAMOBAGU DALAM ANGKA 2021;1;0 eksemplar
STATISTIK KEUANGAN PEMERINTAHAN PROVINSI 2011-2014;1;1 eksemplar
STATISTIK KEUANGAN PEMERINTAHAN  PROVINSI 1999/2000-2002;1;1 eksemplar
STATISTIK KRIMINAL 2013;Tidak ada;1 eksemplar1
KABUPATEN MINAHASA UTARA DALAM ANGKA 2021;Tidak ada;1 eksemplar1
PENGELUARAN UNTUK KONSUMSI PENDUDUK INDONESIA (BUKU I) MARET 2014;1;1 eksemplar
PENGELUARAN UNTUK KONSUMSI PENDUDUK INDONESIA PER PROVINSI (BUKU III) MARET 2014;Tidak ada;1 eksemplar3
PERKEMBANGAN MINGGUAN HARGA ECERAN BEBERAPA JENIS BAHAN POKOK DI IBUKOTA PROVINSI SELURUH INDONESIA JANUARI-JUNI 2009;Tidak ada;1 eksemplar1
PENGHITUNGAN DAN ANALISIS KEMISKINAN MAKRO INDONESIA TAHUN 2014;1;1 eksemplar
PENGHITUNGAN DAN ANALISIS KEMISKINAN MAKRO INDONESIA TAHUN 2014;Tidak ada;1 eksemplar1
TINJAUAN REGIONAL BERDASARKAN PDRB KABUPATEN/KOTA 2008-2011 - BUKU 4 PULAU SULAWESI;Tidak ada;1 eksemplar1
STATISTIK POTENSI DESA PROVINSI SULAWESI UTARA 2011;1;1 eksemplar
PETA INDEKS PENDUDUK MISKIN 2000;1;1 eksemplar
TINJAUAN EKONOMI REGIONAL PROVINSI SULAWESI UTARA 2019;1;1 eksemplar
TABEL KESESUAIAN LAPANGAN USAHA KBLI 2015 - KBLI 2009;1;1 eksemplar
ANALISIS KEMISKINAN, KETENAGAKERJAAN DAN DISTRIBUSI PENDAPATAN;1;1 eksemplar
TINJAUAN REGIONAL BERDASARKAN PDRB KABUPATEN/KOTA 2009-2012 - BUKU 2 PULAU JAWA-BALI;1;1 eksemplar
STATISTIK KEUANGAN PEMERINTAH DAERAH PROPINSI 2002-2004;1;1 eksemplar
KOTA MANADO DALAM ANGKA 2019;2;2 eksemplar
TINJAUAN REGIONAL BERDASARKAN PDRB KABUPATEN/KOTA 2008-2011 - BUKU 1 PULAU SUMATERA;1;1 eksemplar
BULETIN STATISTIK PERDAGANGAN LUAR NEGERI EKSPOR (MENURUT KODE HARMONIZED SYSTEM, HS) JUNI 2015;1;1 eksemplar
KABUPATEN SIAU TAGULANDANG BIARO DALAM ANGKA 2012;1;1 eksemplar
KABUPATEN SIAU TAGULANDANG BIARO DALAM ANGKA 2013;1;1 eksemplar
TINJAUAN EKONOMI REGIONAL SULAWESI UTARA 2015;2;2 eksemplar
PANDUAN PENGOPERASIAN TABLE GENERATOR SYSTEM (UNTUK ADMIN DAN PENYEDIA DATA);1;1 eksemplar
TINJAUAN EKONOMI REGIONAL SULAWESI UTARA 2016;Tidak ada;1 eksemplar1
KABUPATEN SIAU TAGULANDANG BIARO DALAM ANGKA 2014;Tidak ada;1 eksemplar1
KABUPATEN SIAU TAGULANDANG BIARO DALAM ANGKA 2015;1;2 eksemplar
KABUPATEN SIAU TAGULANDANG BIARO DALAM ANGKA 2017;1;1 eksemplar
TINJAUAN EKONOMI REGIONAL PROVINSI SULAWESI UTARA 2018/2019;Tidak ada;1 eksemplar1
SENSUS PENDUDUK 2010: GLADI BERSIH PEDOMAN KOORDINATOR TIM BUKU 5;Tidak ada;1 eksemplar1
STATISTIK KESEJAHTERAAN RAKYAT KABUPATEN BOLAANG MONGONDOW UTARA 2020;1;1 eksemplar
PEDOMAN KOORDINATOR SENSUS KECAMATAN (KSK) DAN KOORDINATOR LAPANGAN (KORLAP) SENSUS PENDUDUK 2010, BUKU 4;2;2 eksemplar
KABUPATEN SIAU TAGULANDANG BIARO DALAM ANGKA 2015;2;2 eksemplar
KABUPATEN SIAU TAGULANDANG BIARO DALAM ANGKA 2011;1;1 eksemplar
PEDOMAN KOORDINATOR SENSUS KECAMATAN (KSK) DAN KOORDINATOR LAPANGAN (KORLAP) SENSUS PENDUDUK 2010, BUKU 4;Tidak ada;0 eksemplar
SENSUS PENDUDUK 2010: PEDOMAN INSTRUKTUR NASIONAL (INNAS) DAN INSTRUKTUR DAERAH (INDA), BUKU 3;2;2 eksemplar
PEDOMAN SISTEM PEMBUATAN KATALOG BPS;Tidak ada;0 eksemplar
STATISTIK TRANSPORTASI 2012;1;0 eksemplar
SENSUS PENDUDUK 2010: PEDOMAN INSTRUKTUR NASIONAL (INNAS) DAN INSTRUKTUR DAERAH (INDA), BUKU 3;Tidak ada;0 eksemplar
LAPORAN PEREKONOMIAN INDONESIA 2016;Tidak ada;0 eksemplar
SENSUS PERTANIAN 2013 DALAM CERITA;1;1 eksemplar
LAPORAN PEREKONOMIAN INDONESIA 2019;Tidak ada;0 eksemplar
LAPORAN PEREKONOMIAN INDONESIA 2013;Tidak ada;0 eksemplar
LAPORAN PEREKONOMIAN INDONESIA 2017;Tidak ada;0 eksemplar
DIREKTORI PERUSAHAAN PERKEBUNAN KARET 2012;1;1 eksemplar
PRODUK DOMESTIK REGIONAL BRUTO KABUPATEN KEPULAUAN TALAUD MENURUT PENGELUARAN 2016-2020;1;2 eksemplar2
INDEKS TENDENSI KONSUMEN PROVINSI SULAWESI TENGGARA 2016;Tidak ada;2 eksemplar1
PRODUK DOMESTIK REGIONAL BRUTO KABUPATEN KEPULAUAN TALAUD MENURUT LAPANGAN USAHA 2015-2019;2;1 eksemplar
PRODUK DOMESTIK REGIONAL BRUTO (PDRB) KABUPATEN KEPULAUAN TALAUD MENURUT PENGELUARAN 2010-2015;2;2 eksemplar
PRODUK DOMESTIK REGIONAL BRUTO (PDRB) MENURUT LAPANGAN USAHA KABUPATEN KEPULAUAN TALAUD TAHUN 2011-2015;2;2 eksemplar
PRODUK DOMESTIK REGIONAL BRUTO KABUPATEN KEPULAUAN TALAUD MENURUT LAPANGAN USAHA 2013-2017;2;2 eksemplar
BULETIN STATISTIK PERDAGANGAN LUAR NEGERI EKSPOR (MENURUT KELOMPOK KOMODITI DAN NEGARA) AGUSTUS 2015;1;1 eksemplar
HARGA KONSUMEN BEBERAPA BARANG DAN JASA KELOMPOK SANDANG 82 KOTA DI INDONESIA 2016;1;1 eksemplar
PENDUDUK NUSA TENGGARA BARAT HASIL SENSUS PENDUDUK TAHUN 2000 SERI L 2.2.17;1;1 eksemplar
PENDUDUK GORONTALO HASIL SENSUS PENDUDUK TAHUN 2000 SERI L2.2.27;1;1 eksemplar
PENDUDUK JAWA TIMUR HASIL SENSUS PENDUDUK TAHUN 2000;1;1 eksemplar
PENDUDUK JAMBI HASIL SENSUS PENDUDUK TAHUN 2000;1;1 eksemplar
POTRET PERJALANAN SENSUS PERTANIAN 2013;1;1 eksemplar
PENDUDUK NUSA TENGGARA TIMUR HASIL SENSUS PENDUDUK TAHUN 2000;1;1 eksemplar
SENSUS PENDUDUK 2000 STATISTIK POTENSI DESA PROVINSI SUMATERA BARAT 2000;1;1 eksemplar
PENDUDUK LAMPUNG HASIL SENSUS PENDUDUK TAHUN 2000;1;1 eksemplar
PENDUDUK KALIMANTAN SELATAN HASIL SENSUS PENDUDUK TAHUN 2000;1;1 eksemplar
STATISTIK KEUANGAN PEMERINTAH DESA 2013;1;0 eksemplar
STATISTIK KEUANGAN PEMERINTAH DESA 2014;1;1 eksemplar
PENDUDUK SULAWESI TENGAH HASIL SENSUS PENDUDUK TAHUN 2000;1;1 eksemplar
PENDUDUK JAWA BARAT HASIL SENSUS PENDUDUK TAHUN 2000;1;1 eksemplar
PENDUDUK D.I YOGYAKARTA HASIL SENSUS PENDUDUK TAHUN 2000;1;1 eksemplar
PRODUK DOMESTIK REGIONAL BRUTO KABUPATEN KEPULAUAN TALAUD MENURUT PENGELUARAN 2015-2019;Tidak ada;1 eksemplar1
PENDUDUK BANTEN HASIL SENSUS PENDUDUK TAHUN 2000;Tidak ada;1 eksemplar1
PEDOMAN PRAKTIS PENGHITUNGAN PDRB KABUPATEN/KOTAMADYA (PENGERTIAN DASAR), BUKU 1;1;1 eksemplar
STATISTIK KEUANGAN PEMERINTAHAN DESA 2010;1;1 eksemplar
PENDUDUK BALI HASIL SENSUS PENDUDUK TAHUN 2000;1;1 eksemplar
PENDUDUK SUMATERA SELATAN HASIL SENSUS PENDUDUK TAHUN 2000;1;1 eksemplar
PROFIL KEPENDUDUKAN PROVINSI KEPULAUAN BANGKA BELITUNG 2000;1;1 eksemplar
PENDUDUK SUMATERA UTARA HASIL SENSUS PENDUDUK TAHUN 2000 SERI L2.2.2;1;1 eksemplar
PENDUDUK DKI JAKARTA HASIL SENSUS PENDUDUK TAHUN 2000 SERI L.2.2.10;1;1 eksemplar
PENDUDUK NANGGROE ACEH DARUSSALAM HASIL SENSUS PENDUDUK 2000 SERI L2.2.1;1;0 eksemplar
PRODUK DOMESTIK REGIONAL BRUTO KABUPATEN KEPULAUAN TALAUD MENURUT LAPANGAN USAHA 2014-2018;2;2 eksemplar
PENDUDUK RIAU HASIL SENSUS PENDUDUK TAHUN 2000;1;1 eksemplar
PENDUDUK MALUKU HASIL SENSUS PENDUDUK TAHUN 2000;1;1 eksemplar
PEDOMAN PRAKTIS PENGHITUNGAN PDRB KABUPATEN/KOTAMADYA, TATACARA PENGHITUNGAN MENURUT LAPANGAN USAHA, BUKU 2;1;1 eksemplar
KABUPATEN MINAHASA SELATAN DALAM ANGKA 2021;1;1 eksemplar
PENDUDUK PROVINSI KALIMANTAN TIMUR HASIL SENSUS PENDUDUK TAHUN 2000;1;1 eksemplar
PENDUDUK PAPUA HASIL SENSUS PENDUDUK TAHUN 2000;1;1 eksemplar
PENDUDUK KALIMANTAN TENGAH HASIL SENSUS PENDUDUK TAHUN 2000 SERI : L2.2.20;1;1 eksemplar
KABUPATEN SIAU TAGULANDANG BIARO DALAM ANGKA 2010;1;1 eksemplar
INDEKS UNIT VALUE EKSPOR MENURUT KODE SITC JUNI 2016;1;1 eksemplar
TINJAUAN REGIONAL BERDASARKAN PDRB KABUPATEN/KOTA 2008-2011 - BUKU 5 PULAU NUSA TENGGARA - MALUKU - PAPUA;1;1 eksemplar
TINJAUAN EKONOMI REGIONAL SULAWESI UTARA 2013;2;2 eksemplar
KABUPATEN MINAHASA TENGGARA DALAM ANGKA 2020;3;1 eksemplar
TINJAUAN REGIONAL BERDASARKAN PDRB KABUPATEN/KOTA 2012-2016 - BUKU 4 PULAU SULAWESI;Tidak ada;1 eksemplar1
PRODUK DOMESTIK REGIONAL BRUTO KABUPATEN KEPULAUAN TALAUD MENURUT PENGELUARAN 2013-2017;Tidak ada;2 eksemplar1
TINGKAT PENGHUNIAN KAMAR HOTEL 2015;2;0 eksemplar
TINJAUAN EKONOMI REGIONAL PROVINSI SULAWESI UTARA 2020;Tidak ada;0 eksemplar
KABUPATEN MINAHASA SELATAN DALAM ANGKA 2020;2;1 eksemplar
TINGKAT PENGHUNIAN KAMAR HOTEL 2016;1;0 eksemplar
TINJAUAN EKONOMI REGIONAL SULAWESI UTARA 2011;2;2 eksemplar
DIREKTORI USAHA/PERUSAHAAN INDUSTRI PENGGILINGAN PADI 2020 BUKU 21: PROVINSI SULAWESI TENGGARA DAN SULAWESI BARAT;1;1 eksemplar
DIREKTORI USAHA/PERUSAHAAN INDUSTRI PENGGILINGAN PADI 2020 BUKU 4: PROVINSI RIAU, JAMBI, BENGKULU, KEP. BANGKA BELITUNG, KEP. RIAU;1;1 eksemplar
DIREKTORI USAHA/PERUSAHAAN INDUSTRI PENGGILINGAN PADI 2020 BUKU 9: PROVINSI JAWA TENGAH VOLUME I;2;1 eksemplar
DIREKTORI USAHA/PERUSAHAAN INDUSTRI PENGGILINGAN PADI 2020 BUKU 1: PROVINSI ACEH;1;1 eksemplar
DIREKTORI USAHA/PERUSAHAAN INDUSTRI PENGGILINGAN PADI 2020 BUKU 5: PROVINSI SUMATERA SELATAN;1;1 eksemplar
DIREKTORI USAHA/PERUSAHAAN INDUSTRI PENGGILINGAN PADI 2020 BUKU 12: PROVINSI BALI;1;1 eksemplar
RINGKASAN EKSEKUTIF STATISTIK POTENSI DESA INDONESIA 2011;Tidak ada;1 eksemplar2
DIREKTORI USAHA/PERUSAHAAN INDUSTRI PENGGILINGAN PADI 2020 BUKU 22: PROVINSI MALUKU, MALUKU UTARA, PAPUA BARAT, PAPUA;Tidak ada;1 eksemplar1
DIREKTORI USAHA/PERUSAHAAN INDUSTRI PENGGILINGAN PADI 2020 BUKU 11: PROVINSI JAWA TIMUR VOLUME: II;1;1 eksemplar
DIREKTORI USAHA/PERUSAHAAN INDUSTRI PENGGILINGAN PADI 2020 BUKU 9: PROVINSI JAWA TENGAH VOLUME II;Tidak ada;0 eksemplar
DIREKTORI USAHA/PERUSAHAAN INDUSTRI PENGGILINGAN PADI 2020 BUKU 11: PROVINSI JAWA TIMUR VOLUME I;1;1 eksemplar
DIREKTORI PERUSAHAAN PERKEBUNAN KELAPA SAWIT 2016;1;1 eksemplar
PENDUDUK PROVINSI SULAWESI UTARA HASIL SENSUS PENDUDUK 2010;Tidak ada;0 eksemplar2
TINJAUAN REGIONAL BERDASARKAN PDRB KABUPATEN/KOTA 2010-2014 - BUKU 3 PULAU KALIMANTAN;Tidak ada;2 eksemplar3
TINJAUAN REGIONAL BERDASARKAN PDRB KABUPATEN/KOTA 2012-2016 - BUKU 3 PULAU KALIMANTAN;2;1 eksemplar
KINERJA PEMBANGUNAN SULAWESI UTARA SEMESTER I 2022 - MARIJO BAKOBONG;1;1 eksemplar
STATISTIK TELEKOMUNIKASI INDONESIA 2013;Tidak ada;0 eksemplar
TINJAUAN REGIONAL BERDASARKAN PDRB KABUPATEN/KOTA 2012-2016 - BUKU 1 PULAU SUMATERA;1;1 eksemplar
STATISTIK KOPERASI SIMPAN PINJAM 2016;Tidak ada;1 eksemplar3
DIREKTORI USAHA/PERUSAHAAN INDUSTRI PENGGILINGAN PADI 2020 BUKU 18: PROVINSI KALIMANTAN TIMUR DAN KALIMANTAN UTARA;Tidak ada;1 eksemplar1
PRODUK DOMESTIK REGIONAL BRUTO KOTA MANADO MENURUT LAPANGAN USAHA 2015-2019;1;1 eksemplar
DIREKTORI USAHA/PERUSAHAAN INDUSTRI PENGGILINGAN PADI 2020 BUKU 16: PROVINSI KALIMANTAN TENGAH;1;1 eksemplar
PEDOMAN PENCACAHAN DAN PEMERIKSAAN SURVEI KEBUTUHAN DATA 2013;Tidak ada;0 eksemplar
PRODUK DOMESTIK REGIONAL BRUTO KOTA MANADO MENURUT LAPANGAN USAHA 2016 - 2020;1;1 eksemplar
DIREKTORI USAHA/PERUSAHAAN INDUSTRI PENGGILINGAN PADI 2020 BUKU 2: PROVINSI SUMATERA UTARA;1;1 eksemplar
DIREKTORI USAHA/PERUSAHAAN INDUSTRI PENGGILINGAN PADI 2020 BUKU 7: PROVINSI DKI JAKARTA DAN BANTEN;1;1 eksemplar
DIREKTORI PERUSAHAAN KONSTRUKSI BUKU II : PULAU JAWA,BALI, NUSA TENGGARA DAN KEPULAUAN MALUKU 2020;1;1 eksemplar
DIREKTORI PERUSAHAAN KONSTRUKSI, BUKU I : PULAU SUMATERA, KALIMANTAN,SULAWESI DAN PAPUA 2020;1;1 eksemplar
PRODUK DOMESTIK REGIONAL BRUTO KOTA MANADO MENURUT LAPANGAN USAHA 2010-2014;Tidak ada;0 eksemplar
DIREKTORI USAHA/PERUSAHAAN INDUSTRI PENGGILINGAN PADI 2020 BUKU 17: PROVINSI KALIMANTAN SELATAN;1;1 eksemplar
PRODUK DOMESTIK REGIONAL BRUTO (PDRB) MENURUT LAPANGAN USAHA KOTA MANADO 2012-2016;Tidak ada;1 eksemplar2
DIREKTORI USAHA/PERUSAHAAN INDUSTRI PENGGILINGAN PADI 2020 BUKU 6: PROVINSI LAMPUNG;Tidak ada;1 eksemplar1
DIREKTORI PERUSAHAAN KONSTRUKSI 2014 BUKU II: PULAU JAWA, BALI, NUSA TENGGARA, DAN KEPULAUAN MALUKU;1;1 eksemplar
DIREKTORI EKSPORTIR 2016;1;1 eksemplar
PRODUK DOMESTIK REGIONAL BRUTO (PDRB) KOTA MANADO MENURUT PENGELUARAN 2011-2015;Tidak ada;0 eksemplar
DIREKTORI PERUSAHAAN KONSTRUKSI 2019 BUKU II: PULAU JAWA, BALI, NUSA TENGGARA, DAN KEPULAUAN MALUKU;1;1 eksemplar
PETA TEMATIK LOKASI PEMUSATAN KEGIATAN SOSIAL EKONOMI DI INDONESIA 2011;1;1 eksemplar
INDEKS UNIT VALUE EKSPOR MENURUT KODE SITC MARET 2016;1;1 eksemplar
PEDOMAN PRAKTIS PENGHITUNGAN PDRB KABUPATEN/KOTAMADYA: TATA CARA PENGHITUNGAN MENURUT LAPANGAN USAHA BUKU 2;1;1 eksemplar
TINJAUAN REGIONAL BERDASARKAN PDRB KABUPATEN/KOTA 2012-2016 - BUKU 2 PULAU JAWA DAN BALI;1;1 eksemplar
TINJAUAN REGIONAL PDRB KABUPATEN/KOTA 2011-2015 BUKU 1 PULAU SUMATERA;1;1 eksemplar
PRODUK DOMESTIK REGIONAL BRUTO (PDRB) KOTA MANADO MENURUT LAPANGAN USAHA 2011-2015;2;2 eksemplar
DIREKTORI PERUSAHAAN/USAHA RESTORAN/RUMAH MAKAN 2015;1;1 eksemplar
PRODUK DOMESTIK REGIONAL BRUTO KOTA MANADO MENURUT PENGELUARAN 2016 - 2020;Tidak ada;0 eksemplar
DIREKTORI USAHA/PERUSAHAAN INDUSTRI PENGGILINGAN PADI 2020 BUKU 3: PROVINSI SUMATERA BARAT;1;1 eksemplar
DIREKTORI USAHA/PERUSAHAAN INDUSTRI PENGGILINGAN PADI 2020 BUKU 15: PROVINSI KALIMANTAN BARAT;1;1 eksemplar
DIREKTORI USAHA/PERUSAHAAN INDUSTRI PENGGILINGAN PADI 2020 BUKU 13: PROVINSI NUSA TENGGARA BARAT;1;1 eksemplar
DIREKTORI USAHA/PERUSAHAAN INDUSTRI PENGGILINGAN PADI 2020 BUKU 10: PROVINSI DI YOGYAKARTA;1;1 eksemplar
DIREKTORI USAHA/PERUSAHAAN INDUSTRI PENGGILINGAN PADI 2020 BUKU 8: PROVINSI JAWA BARAT VOLUME II;1;1 eksemplar
DIREKTORI USAHA/PERUSAHAAN INDUSTRI PENGGILINGAN PADI 2020 BUKU 8: PROVINSI JAWA BARAT VOLUME I;1;1 eksemplar
DIREKTORI INDUSTRI MANUFAKTUR INDONESIA 2015;1;1 eksemplar
INDIKATOR EKONOMI APRIL 2017;2;2 eksemplar
TINJAUAN REGIONAL PDRB KABUPATEN/KOTA 2011-2015 BUKU 5 BUKU 5 PULAU NUSA TENGGARA-MALUKU-PAPUA;1;1 eksemplar
LAPORAN PEREKONOMIAN INDONESIA 2010;2;2 eksemplar
PRODUK DOMESTIK REGIONAL BRUTO KABUPATEN KEPULAUAN TALAUD MENURUT LAPANGAN USAHA 2016-2020;2;2 eksemplar
KOTA MANADO DALAM ANGKA 2010;2;2 eksemplar
PRODUK DOMESTIK BRUTO INDONESIA TRIWULANAN 2011-2015;1;1 eksemplar
TINJAUAN REGIONAL BERDASARKAN PDRB KABUPATEN/KOTA 2010-2014 - BUKU 1 PULAU SUMATERA;Tidak ada;0 eksemplar
POTRET USAHA PERTANIAN KOTA MANADO MENURUT SUBSEKTOR (HASIL PENCACAHAN LENGKAP SENSUS PERTANIAN 2013 DAN SURVEI PENDAPATAN RUMAH TANGGA USAHA PERTANIAN 2013);2;2 eksemplar
INDIKATOR EKONOMI JANUARI 2016;1;1 eksemplar
PRODUK DOMESTIK REGIONAL BRUTO KABUPATEN/KOTA DI INDONESIA 2010-2014;Tidak ada;1 eksemplar1
PRODUK DOMESTIK REGIONAL BRUTO PROVINSI-PROVINSI DI INDONESIA MENURUT LAPANGAN USAHA 2008-2012;2;2 eksemplar
PENDAPATAN NASIONAL INDONESIA 2010-2014;2;2 eksemplar
PENDAPATAN NASIONAL INDONESIA 2010-2013;2;2 eksemplar
PRODUK DOMESTIK REGIONAL BRUTO PROVINSI-PROVINSI DI INDONESIA MENURUT PENGGUNAAN 2005-2009;2;2 eksemplar
PRODUK DOMESTIK REGIONAL BRUTO KABUPATEN/KOTA DI INDONESIA 2008-2012;1;1 eksemplar
PRODUK DOMESTIK REGIONAL BRUTO KOTA MANADO MENURUT LAPANGAN USAHA 2013-2017;1;1 eksemplar
PRODUK DOMESTIK REGIONAL BRUTO PROVINSI-PROVINSI DI INDONESIA MENURUT PENGGUNAAN 2008-2012;1;1 eksemplar
SENSUS PERTANIAN 2013, ANGKA NASIONAL HASIL SURVEI ST2013 RUMAH TANGGA USAHA PERKEBUNAN 2014 BUKU D;3;3 eksemplar
SENSUS PERTANIAN 2013, ANGKA NASIONAL HASIL SURVEI ST2013 RUMAH TANGGA USAHA PERKEBUNAN 2014 BUKU D;Tidak ada;0 eksemplar
SENSUS PERTANIAN 2013, ANGKA NASIONAL HASIL SURVEI ST2013 RUMAH TANGGA USAHA PERKEBUNAN 2014 BUKU D;Tidak ada;0 eksemplar
PRODUK DOMESTIK REGIONAL BRUTO (PDRB) MENURUT PENGELUARAN KOTA MANADO 2012-2016;Tidak ada;1 eksemplar3
INDIKATOR PEMBANGUNAN BERKELANJUTAN 2015;Tidak ada;2 eksemplar1
INDIKATOR PEMBANGUNAN BERKELANJUTAN 2014;2;2 eksemplar
INDIKATOR PEMBANGUNAN BERKELANJUTAN 2015;Tidak ada;0 eksemplar
INDEKS TENDENSI BISNIS DAN INDEKS TENDENSI KONSUMEN 2016;2;2 eksemplar
NERACA LEMBAGA NON PROFIT YANG MELAYANI RUMAH TANGGA TAHUN 2012-2014;2;2 eksemplar
NERACA LEMBAGA NON PROFIT YANG MELAYANI RUMAH TANGGA 2013-2015;2;2 eksemplar
INDIKATOR PEMBANGUNAN BERKELANJUTAN 2016;3;3 eksemplar
INDIKATOR PEMBANGUNAN BERKELANJUTAN 2016;Tidak ada;0 eksemplar
WENANG DALAM ANGKA 2012;1;1 eksemplar
BULETIN STATISTIK PERDAGANGAN LUAR NEGERI EKSPOR (MENURUT KELOMPOK KOMODITI DAN NEGARA) JULI 2014;1;1 eksemplar
BULETIN STATISTIK PERDAGANGAN LUAR NEGERI EKSPOR (MENURUT KELOMPOK KOMODITI DAN NEGARA) JANUARI 2015;Tidak ada;0 eksemplar
ANALISIS TEMATIK ST2013 SUBSEKTOR EFISIENSI SISTEM PRODUKSI DAN TATANIAGA HORTIKULTURA BUKU 3;Tidak ada;1 eksemplar1
STATISTIK TANAMAN HORTIKULTURA SULAWESI UTARA 2016;Tidak ada;1 eksemplar1
STATISTIK KONSTRUKSI 2015;Tidak ada;2 eksemplar1
STATISTIK UPAH 2015;1;2 eksemplar
TINJAUAN EKONOMI REGIONAL SULAWESI UTARA 2012;1;1 eksemplar
BUKU SAKU STATISTIK INDONESIA 1998;1;1 eksemplar
STATISTIK INDONESIA 1988;1;0 eksemplar
BUKU SAKU STATISTIK INDONESIA 1999;1;1 eksemplar
STATISTIK INDONESIA 1996;Tidak ada;0 eksemplar
BUKU SAKU STATISTIK INDONESIA 1977;1;1 eksemplar
BUKU SAKU STATISTIK INDONESIA 1982;1;1 eksemplar
BUKU SAKU STATISTIK INDONESIA 1987;1;1 eksemplar
STATISTIK INDONESIA 1989;Tidak ada;0 eksemplar
BUKU SAKU STATISTIK INDONESIA 2005/2006;1;1 eksemplar
BUKU SAKU STATISTIK INDONESIA 2010;Tidak ada;0 eksemplar
PETA STATISTIK INDONESIA 2016;2;2 eksemplar
BUKU SAKU STATISTIK INDONESIA 2007;1;1 eksemplar
DIREKTORI PERUSAHAAN KONSTRUKSI 2013 BUKU V: PULAU SULAWESI;1;1 eksemplar
DIREKTORI INDUSTRI PENGOLAHAN INDONESIA 2010;1;1 eksemplar
DIREKTORI INDUSTRI PENGOLAHAN INDONESIA 2009;1;1 eksemplar
DIREKTORI INDUSTRI MANUFAKTUR INDONESIA 2013;1;1 eksemplar
TINJAUAN EKONOMI REGIONAL PROVINSI SULAWESI UTARA 2018/2019;Tidak ada;1 eksemplar1
KONSUMSI KALORI DAN PROTEIN PENDUDUK INDONESIA DAN PROVINSI (BUKU II) SEPTEMBER 2018;Tidak ada;1 eksemplar1
TINJAUAN EKONOMI REGIONAL PROVINSI SULAWESI UTARA 2005;1;1 eksemplar
INDIKATOR KESEJAHTERAAN RAKYAT PROVINSI SULAWESI UTARA 2003;1;1 eksemplar
PRODUK DOMESTIK REGIONAL BRUTO PROVINSI SULAWESI UTARA MENURUT PENGELUARAN 2014-2018;1;1 eksemplar
STATISTIK KESEJAHTERAAN RAKYAT PROVINSI SULAWESI UTARA 2018;Tidak ada;1 eksemplar1
PERKEMBANGAN TINGKAT KEMISKINAN PROVINSI SULAWESI UTARA 2016;Tidak ada;1 eksemplar2
PROFIL INDUSTRI MIKRO DAN KECIL PROVINSI SULAWESI UTARA 2017;Tidak ada;2 eksemplar1
KABUPATEN BOLAANG MONGONDOW SELATAN DALAM ANGKA 2019;Tidak ada;2 eksemplar1
STATISTIK INDONESIA 2019;Tidak ada;0 eksemplar1
KABUPATEN MINAHASA DALAM ANGKA 2019;2;1 eksemplar
KEADAAN KETENAGAKERJAAN PROVINSI SULAWESI UTARA 2018;Tidak ada;1 eksemplar4
PROVINSI SULAWESI UTARA DALAM ANGKA 2020 PENYEDIAAN DATA UNTUK PERENCANAAN PEMBANGUNAN;Tidak ada;3 eksemplar1
INDEKS TENDENSI KONSUMEN SULAWESI BARAT TRIWULAN I 2018;1;1 eksemplar
PENGELUARAN KONSUMSI PENDUDUK PROVINSI SULAWESI UTARA 2018;Tidak ada;2 eksemplar2
PENGELUARAN KONSUMSI PENDUDUK PROVINSI SULAWESI UTARA 2018;Tidak ada;2 eksemplar2
TINJAUAN EKONOMI REGIONAL PROVINSI SULAWESI UTARA 2018/2019;Tidak ada;1 eksemplar1
KEADAAN KETENAGAKERJAAN PROVINSI SULAWESI UTARA 2018;Tidak ada;1 eksemplar4
INDEKS DEMOKRASI INDONESIA PROVINSI SULAWESI UTARA 2014-2018;Tidak ada;1 eksemplar3
PROVINSI SULAWESI UTARA DALAM ANGKA 2020 PENYEDIAAN DATA UNTUK PERENCANAAN PEMBANGUNAN;3;3 eksemplar
INDEKS DEMOKRASI INDONESIA PROVINSI SULAWESI UTARA 2014-2018;Tidak ada;1 eksemplar3
INDIKATOR KESEJAHTERAAN RAKYAT PROVINSI SULAWESI UTARA 2018;Tidak ada;1 eksemplar2
INDEKS HARGA KONSUMEN KOTA MANADO 2019;Tidak ada;1 eksemplar2
INDEKS HARGA KONSUMEN KOTA MANADO TAHUN 2018;Tidak ada;1 eksemplar2
PERKEMBANGAN TINGKAT KEMISKINAN PROVINSI SULAWESI UTARA 2019;Tidak ada;1 eksemplar2
PERKEMBANGAN TINGKAT KEMISKINAN PROVINSI SULAWESI UTARA 2018;Tidak ada;2 eksemplar2
KABUPATEN MINAHASA DALAM ANGKA 2020 PENYEDIAAN DATA UNTUK PERENCANAAN PEMBANGUNAN;1;1 eksemplar
PROVINSI SULAWESI UTARA DALAM ANGKA 2022;Tidak ada;1 eksemplar1
INDIKATOR MAKRO SOSIAL EKONOMI PROVINSI SULAWESI UTARA TRIWULAN II-2023;Tidak ada;1 eksemplar1
INDIKATOR MAKRO SOSIAL EKONOMI PROVINSI SULAWESI UTARA TRIWULAN I-2023;1;1 eksemplar
INDEKS PEMBANGUNAN MANUSIA PROVINSI SULAWESI UTARA 2022;1;1 eksemplar
PROVINSI SULAWESI UTARA DALAM INFOGRAFIS SEMESTER II 2022;1;1 eksemplar
KEADAAN KETENAGAKERJAAN PROVINSI SULAWESI UTARA 2022;Tidak ada;1 eksemplar2
KEADAAN KETENAGAKERJAAN PROVINSI SULAWESI UTARA FEBRUARI 2023;Tidak ada;1 eksemplar2
KABUPATEN MINAHASA UTARA DALAM ANGKA 2020;1;1 eksemplar
KECAMATAN LIKUPANG SELATAN DALAM ANGKA 2020;2;2 eksemplar
KABUPATEN KEPULAUAN SANGIHE DALAM ANGKA 2020;2;2 eksemplar
KABUPATEN BOLAANG MONGONDOW TIMUR DALAM ANGKA 2020;4;1 eksemplar
KABUPATEN BOLAANG MONGONDOW TIMUR DALAM ANGKA 2020 PENYEDIAAN DATA UNTUK PERENCANAAN PEMBANGUNAN;Tidak ada;0 eksemplar
KECAMATAN KOTAMOBAGU SELATAN DALAM ANGKA 2020;3;3 eksemplar
KECAMATAN KOTAMOBAGU TIMUR DALAM ANGKA 2020;2;2 eksemplar
KECAMATAN KOTAMOBAGU BARAT DALAM ANGKA 2020;2;2 eksemplar
KECAMATAN KOTAMOBAGU UTARA DALAM ANGKA 2020;1;1 eksemplar
KECAMATAN NUANGAN DALAM ANGKA 2020;2;2 eksemplar
KECAMATAN TUTUYAN DALAM ANGKA 2020;2;2 eksemplar
KECAMATAN KOTABUNAN DALAM ANGKA 2020;3;3 eksemplar
KECAMATAN MODAYAG BARAT DALAM ANGKA 2020;2;2 eksemplar
KECAMATAN MODAYAG DALAM ANGKA 2020;3;3 eksemplar
KOTA KOTAMOBAGU DALAM ANGKA 2020 PENYEDIAAN DATA UNTUK PERENCANAAN PEMBANGUNAN;Tidak ada;1 eksemplar1
KECAMATAN MOTONGKAD DALAM ANGKA 2020;2;2 eksemplar
KECAMATAN KOTABUNAN DALAM ANGKA 2020;Tidak ada;0 eksemplar
KECAMATAN MODAYAG DALAM ANGKA 2020;Tidak ada;0 eksemplar
KECAMATAN SONDER DALAM ANGKA 2020;2;2 eksemplar
KECAMATAN LEMBEAN TIMUR DALAM ANGKA 2020;2;2 eksemplar
KECAMATAN KAKAS DALAM ANGKA 2020;2;2 eksemplar
KECAMATAN TOMBARIRI DALAM ANGKA 2020;2;2 eksemplar
KECAMATAN LANGOWAN SELATAN DALAM ANGKA 2020;2;2 eksemplar
KECAMATAN TOMPASO BARAT DALAM ANGKA 2020;2;2 eksemplar
KECAMATAN MANDOLANG DALAM ANGKA 2020;2;2 eksemplar
KECAMATAN PINELENG DALAM ANGKA 2020;2;2 eksemplar
KECAMATAN TOMBULU DALAM ANGKA 2020;2;2 eksemplar
KECAMATAN TONDANO UTARA DALAM ANGKA 2020;2;2 eksemplar
KECAMATAN KAWANGKOAN UTARA DALAM ANGKA 2020;2;2 eksemplar
KECAMATAN LANGOWAN BARAT DALAM ANGKA 2020;2;2 eksemplar
KECAMATAN KAKAS BARAT DALAM ANGKA 2020;2;2 eksemplar
KECAMATAN KAWANGKOAN DALAM ANGKA 2020;2;0 eksemplar
KECAMATAN TONDANO TIMUR DALAM ANGKA 2020;2;2 eksemplar
KECAMATAN TONDANO BARAT DALAM ANGKA 2020;2;2 eksemplar
KECAMATAN LANGOWAN TIMUR DALAM ANGKA 2020;3;3 eksemplar
KECAMATAN REMBOKEN DALAM ANGKA 2020;2;2 eksemplar
KECAMATAN TOMPASO DALAM ANGKA 2020;2;1 eksemplar
KECAMATAN LANGOWAN TIMUR DALAM ANGKA 2020;Tidak ada;0 eksemplar
KECAMATAN KAWANGKOAN BARAT DALAM ANGKA 2020;2;2 eksemplar
KECAMATAN TONDANO SELATAN DALAM ANGKA 2020;2;2 eksemplar
KECAMATAN TOMBARIRI TIMUR DALAM ANGKA 2020;2;2 eksemplar
KECAMATAN KOMBI DALAM ANGKA 2020;2;2 eksemplar
"KECAMATAN ERIS DALAM ANGKA 2020 ";Tidak ada;2 eksemplar
KECAMATAN BIARO DALAM ANGKA 2020;2;2 eksemplar
KECAMATAN TAGULANDANG SELATAN DALAM ANGKA 2020;2;2 eksemplar
KECAMATAN SIAU BARAT SELATAN DALAM ANGKA 2020;2;2 eksemplar
KECAMATAN SIAU TENGAH DALAM ANGKA 2020;2;2 eksemplar
KECAMATAN SIAU TIMUR DALAM ANGKA 2020;2;2 eksemplar
KECAMATAN SIAU TIMUR SELATAN DALAM ANGKA 2020;2;2 eksemplar
KECAMATAN SIAU BARAT UTARA DALAM ANGKA 2020;4;4 eksemplar
KECAMATAN TAGULANDANG UTARA DALAM ANGKA 2020;2;2 eksemplar
KECAMATAN TAGULANDANG DALAM ANGKA 2020;2;0 eksemplar
KECAMATAN SIAU BARAT UTARA DALAM ANGKA 2020;Tidak ada;0 eksemplar
KABUPATEN MINAHASA DALAM ANGKA 2021;2;0 eksemplar
KABUPATEN MINAHASA TENGGARA DALAM ANGKA 2021;1;1 eksemplar
KABUPATEN BOLAANG MONGONDOW DALAM ANGKA 2021;2;1 eksemplar
KABUPATEN BOLAANG MONGONDOW SELATAN DALAM ANGKA 2021;2;2 eksemplar
KABUPATEN BOLAANG MONGONDOW UTARA DALAM ANGKA 2021;3;3 eksemplar
KABUPATEN BOLAANG MONGONDOW TIMUR DALAM ANGKA 2021;1;1 eksemplar
PENDUDUK PROVINSI SULAWESI UTARA HASIL LONG FORM SENSUS PENDUDUK 2020;Tidak ada;1 eksemplar1
STATISTIK MIGRASI PROVINSI SULAWESI UTARA HASIL LONG FORM SENSUS  PENDUDUK 2020;Tidak ada;1 eksemplar1
ANALISIS TEMATIK KEPENDUDUKAN PROVINSI SULAWESI UTARA - MIGRASI DALAM TRANSISI DEMOGRAFI (MEMOAR, MASA KINI, DAN MASA DATANG);Tidak ada;1 eksemplar2
STATISTIK DAERAH PROVINSI SULAWESI UTARA 2023;Tidak ada;1 eksemplar4
PERKEMBANGAN TINGKAT KEMISKINAN PROVINSI SULAWESI UTARA 2022;Tidak ada;1 eksemplar1
PROYEKSI PENDUDUK KABUPATEN/KOTA PROVINSI SULAWESI UTARA 2020-2035 HASIL SENSUS PENDUDUK 2020;Tidak ada;4 eksemplar2
STATISTIK DAERAH PROVINSI SULAWESI UTARA 2023;Tidak ada;1 eksemplar4
